Date,Symbol,Open,High,Low,Close,Volume
2015-01-01,NIFTY50,8276.55,8372.43,8239.97,8361.24,484075236
2015-01-02,NIFTY50,8345.51,8356.46,8185.25,8210.14,193926936
2015-01-05,NIFTY50,8216.75,8237.44,8173.98,8196.07,304481874
2015-01-06,NIFTY50,8206.1,8284.91,8189.35,8250.35,248933898
2015-01-07,NIFTY50,8237.22,8284.54,8219.48,8265.7,340884181
2015-01-08,NIFTY50,8273.29,8323.82,8224.99,8297.13,366656071
2015-01-09,NIFTY50,8301.4,8345.5,8235.34,8253.25,266627556
2015-01-12,NIFTY50,8244.26,8334.32,8240.32,8319.87,297177355
2015-01-13,NIFTY50,8318.32,8359.95,8284.65,8292.75,351843557
2015-01-14,NIFTY50,8307.23,8339.53,8251.38,8281.65,245116583
2015-01-15,NIFTY50,8280.4,8301.67,8234.42,8288.25,452587903
2015-01-16,NIFTY50,8297.14,8299.93,8189.71,8230.29,341690609
2015-01-19,NIFTY50,8243.89,8359.01,8208.38,8330.66,296367940
2015-01-20,NIFTY50,8344.47,8367.45,8263.6,8276.75,300681791
2015-01-21,NIFTY50,8284.93,8306.23,8193.16,8221.94,367147840
2015-01-22,NIFTY50,8222.26,8366.25,8219.93,8361.69,244367960
2015-01-23,NIFTY50,8367.73,8478.2,8348.41,8447.97,442686692
2015-01-26,NIFTY50,8460.16,8541.42,8423.57,8540.83,486462199
2015-01-27,NIFTY50,8535.37,8566.89,8527.27,8551.83,153697460
2015-01-28,NIFTY50,8543.74,8599.19,8534.58,8573.44,212362644
2015-01-29,NIFTY50,8578.21,8609.55,8556.59,8564.45,239215283
2015-01-30,NIFTY50,8565.49,8584.5,8548.83,8584.47,164208675
2015-02-02,NIFTY50,8601.14,8642.77,8464.91,8477.09,314257403
2015-02-03,NIFTY50,8463.04,8544.56,8459.52,8519.72,457921336
2015-02-04,NIFTY50,8518.88,8592.71,8505.33,8564.46,396976570
2015-02-05,NIFTY50,8573.2,8623.63,8536.53,8588.08,374252971
2015-02-06,NIFTY50,8585.96,8613.88,8579.72,8587.21,270907459
2015-02-09,NIFTY50,8589.07,8811.68,8588.69,8780.67,222522041
2015-02-10,NIFTY50,8793.31,8907.09,8780.75,8903.31,467950777
2015-02-11,NIFTY50,8918.82,9038.23,8893.52,9007.37,451135332
2015-02-12,NIFTY50,8992.84,9055.25,8969.99,9031.89,411640076
2015-02-13,NIFTY50,9037.43,9114.91,9034.14,9079.71,349750222
2015-02-16,NIFTY50,9068.51,9157.66,9060.88,9128.29,261805638
2015-02-17,NIFTY50,9143.75,9168.06,9085.37,9132.57,447540477
2015-02-18,NIFTY50,9134.05,9134.86,9023.74,9028.79,308371339
2015-02-19,NIFTY50,9018.45,9040.15,8867.93,8871.05,415213307
2015-02-20,NIFTY50,8886.18,8928.04,8632.19,8646.99,561620423
2015-02-23,NIFTY50,8636.27,8647.55,8573.51,8576.52,477039697
2015-02-24,NIFTY50,8561.08,8585.57,8458.47,8505.39,471234285
2015-02-25,NIFTY50,8491.1,8669.55,8460.79,8659.89,326460955
2015-02-26,NIFTY50,8662.31,8797.66,8660.24,8767.21,218057749
2015-02-27,NIFTY50,8768.01,8817.18,8665.53,8676.16,351770839
2015-03-02,NIFTY50,8682.12,8697.75,8553.15,8569.41,212195507
2015-03-03,NIFTY50,8571.57,8576.71,8365.95,8393.02,508370580
2015-03-04,NIFTY50,8405.81,8560.38,8387.17,8515.45,268923959
2015-03-05,NIFTY50,8508.73,8558.96,8378.4,8419.17,483040624
2015-03-06,NIFTY50,8412.42,8558.84,8365.02,8524.91,249991142
2015-03-09,NIFTY50,8533.18,8638.42,8518.75,8630.37,295625888
2015-03-10,NIFTY50,8635.01,8667.16,8609.7,8653.45,182013727
2015-03-11,NIFTY50,8645.72,8645.91,8458.87,8498.18,342785250
2015-03-12,NIFTY50,8505.18,8533.8,8352.43,8358.04,267955142
2015-03-13,NIFTY50,8360.8,8413.58,8354.41,8406.11,333637347
2015-03-16,NIFTY50,8421.98,8515.48,8403.9,8513.44,320224780
2015-03-17,NIFTY50,8515.48,8560.18,8423.63,8473.14,244005406
2015-03-18,NIFTY50,8461.7,8520.28,8452.71,8479.58,374173287
2015-03-19,NIFTY50,8473.89,8521.22,8424.18,8464.93,288128779
2015-03-20,NIFTY50,8451.66,8543.63,8408.12,8499.15,280311388
2015-03-23,NIFTY50,8494.04,8671.8,8449.64,8629.32,310983394
2015-03-24,NIFTY50,8623.39,8756.84,8573.36,8711.66,328467272
2015-03-25,NIFTY50,8717.92,8762.05,8578.98,8596.06,186689589
2015-03-26,NIFTY50,8585.01,8817.36,8571.33,8766.73,249534336
2015-03-27,NIFTY50,8776.77,8799.75,8671.28,8722.79,222716459
2015-03-30,NIFTY50,8714.23,8751.29,8625.16,8625.25,488177639
2015-03-31,NIFTY50,8633.43,8705.49,8611.09,8695.21,353819751
2015-04-01,NIFTY50,8682.15,8729.04,8631.18,8657.53,385256440
2015-04-02,NIFTY50,8659.41,8669.38,8586.93,8621.33,368333394
2015-04-03,NIFTY50,8625.31,8700.12,8596.96,8684.44,161214293
2015-04-06,NIFTY50,8694.37,8751.61,8677.56,8719.87,402979902
2015-04-07,NIFTY50,8718.94,8795.03,8677.3,8747.73,248803486
2015-04-08,NIFTY50,8753.46,8785.98,8730.77,8735.67,279900087
2015-04-09,NIFTY50,8725.15,8752.6,8712.34,8751.32,412345837
2015-04-10,NIFTY50,8749.76,8811.42,8719.54,8764.82,361640581
2015-04-13,NIFTY50,8770.29,8772.79,8730.78,8772.5,209039117
2015-04-14,NIFTY50,8783.17,8824.62,8758.69,8787.92,457152974
2015-04-15,NIFTY50,8786.39,8915.16,8751.2,8872.5,351179090
2015-04-16,NIFTY50,8876.5,8935.84,8849.61,8897.44,456620375
2015-04-17,NIFTY50,8910.3,8983.68,8870.11,8959.48,319722299
2015-04-20,NIFTY50,8964.03,8978.79,8897.76,8901.89,322900753
2015-04-21,NIFTY50,8915.89,8920.2,8823.93,8831.92,383594574
2015-04-22,NIFTY50,8816.53,8838.09,8787.8,8816.5,379733442
2015-04-23,NIFTY50,8812.61,8959.87,8762.58,8918.68,179084978
2015-04-24,NIFTY50,8914.41,8927.62,8895.6,8927.3,362846991
2015-04-27,NIFTY50,8924.41,9017.3,8895.17,8977.03,283353262
2015-04-28,NIFTY50,8976.52,8997.46,8930.42,8966.41,371410776
2015-04-29,NIFTY50,8981.46,9060.3,8952.67,9007.29,378024020
2015-04-30,NIFTY50,8992.3,9015.43,8919.16,8965.79,258971535
2015-05-01,NIFTY50,8955.45,8973.02,8778.52,8818.8,411505945
2015-05-04,NIFTY50,8816.03,8995.36,8791.15,8950.52,505259970
2015-05-05,NIFTY50,8940.65,9155.66,8889.3,9151.9,210224044
2015-05-06,NIFTY50,9140.89,9219.2,9132.53,9218.07,233509938
2015-05-07,NIFTY50,9234.58,9328.76,9220.38,9302.8,380042789
2015-05-08,NIFTY50,9312.03,9318.43,9131.39,9176.5,360023532
2015-05-11,NIFTY50,9169.6,9400.18,9116.89,9362.13,436372785
2015-05-12,NIFTY50,9365.58,9422.93,9351.94,9376.2,316597302
2015-05-13,NIFTY50,9361.99,9417.25,9295.6,9339.46,349586802
2015-05-14,NIFTY50,9323.35,9359.58,9290.41,9291.11,394955212
2015-05-15,NIFTY50,9308.24,9374.41,9261.95,9338.8,244051571
2015-05-18,NIFTY50,9356.19,9371.35,9286.13,9331.38,442419064
2015-05-19,NIFTY50,9343.53,9376.75,9255.83,9273.76,299198618
2015-05-20,NIFTY50,9287.92,9337.47,9262.02,9323.83,372551725
2015-05-21,NIFTY50,9317.3,9344.56,9177.78,9197.36,327861891
2015-05-22,NIFTY50,9204.76,9310.6,9204.2,9295.19,279438270
2015-05-25,NIFTY50,9294.76,9337.05,9224.39,9262.78,427927227
2015-05-26,NIFTY50,9255.15,9400.53,9241.64,9377.78,391336346
2015-05-27,NIFTY50,9374.98,9416.94,9256.66,9275.07,436709080
2015-05-28,NIFTY50,9261.0,9288.71,9254.36,9277.99,439066711
2015-05-29,NIFTY50,9266.54,9312.98,9251.17,9271.89,434498765
2015-06-01,NIFTY50,9284.23,9381.54,9264.13,9364.89,343601126
2015-06-02,NIFTY50,9356.44,9411.14,9085.16,9115.43,275813046
2015-06-03,NIFTY50,9100.94,9121.64,9085.41,9120.97,409482495
2015-06-04,NIFTY50,9104.6,9221.32,9078.51,9169.55,194938452
2015-06-05,NIFTY50,9174.3,9281.94,9166.09,9278.95,350479207
2015-06-08,NIFTY50,9281.11,9308.54,9247.91,9285.35,273034962
2015-06-09,NIFTY50,9300.52,9317.12,9210.96,9243.6,397324469
2015-06-10,NIFTY50,9247.65,9288.72,9097.74,9149.76,288107644
2015-06-11,NIFTY50,9134.43,9159.3,9104.18,9146.14,234963814
2015-06-12,NIFTY50,9149.57,9165.56,8853.22,8865.53,394370487
2015-06-15,NIFTY50,8872.18,8921.36,8760.14,8801.74,274637953
2015-06-16,NIFTY50,8806.94,8854.94,8657.45,8700.6,209980614
2015-06-17,NIFTY50,8703.91,8799.77,8655.8,8756.46,410536273
2015-06-18,NIFTY50,8763.46,8813.02,8670.45,8696.56,443498969
2015-06-19,NIFTY50,8710.11,8748.5,8582.6,8613.8,179482659
2015-06-22,NIFTY50,8625.38,8821.95,8576.17,8791.61,355523262
2015-06-23,NIFTY50,8780.18,8830.19,8756.89,8802.78,303137670
2015-06-24,NIFTY50,8807.52,8833.51,8669.17,8673.92,386113313
2015-06-25,NIFTY50,8660.2,8668.56,8608.89,8630.2,436969486
2015-06-26,NIFTY50,8641.03,8784.72,8617.45,8755.82,365265182
2015-06-29,NIFTY50,8765.36,8908.76,8721.98,8862.76,169014687
2015-06-30,NIFTY50,8859.69,8869.66,8773.33,8792.41,450776005
2015-07-01,NIFTY50,8781.99,8830.45,8733.11,8801.45,389169416
2015-07-02,NIFTY50,8784.86,8818.07,8721.46,8763.48,245166284
2015-07-03,NIFTY50,8760.26,8906.23,8716.03,8894.24,242384370
2015-07-06,NIFTY50,8906.06,9002.83,8867.77,8975.99,462092623
2015-07-07,NIFTY50,8975.36,9000.79,8894.15,8918.6,242209781
2015-07-08,NIFTY50,8918.89,9073.67,8872.65,9026.05,334249602
2015-07-09,NIFTY50,9020.27,9110.53,9005.81,9067.67,158358423
2015-07-10,NIFTY50,9070.83,9125.19,9004.1,9030.63,239163052
2015-07-13,NIFTY50,9024.58,9065.89,8906.08,8926.28,360046560
2015-07-14,NIFTY50,8916.96,8995.42,8871.16,8974.8,390672805
2015-07-15,NIFTY50,8982.17,9025.9,8950.96,8971.74,232450460
2015-07-16,NIFTY50,8971.82,9106.22,8925.01,9074.09,430465236
2015-07-17,NIFTY50,9056.5,9242.72,9009.17,9234.74,274099941
2015-07-20,NIFTY50,9226.06,9312.9,9204.05,9278.2,202208966
2015-07-21,NIFTY50,9291.54,9333.55,9273.89,9312.32,427112136
2015-07-22,NIFTY50,9296.24,9397.02,9244.88,9361.57,286522212
2015-07-23,NIFTY50,9346.53,9382.07,9254.87,9303.58,412243326
2015-07-24,NIFTY50,9286.05,9304.12,9253.46,9256.57,359751215
2015-07-27,NIFTY50,9257.73,9367.59,9213.7,9335.89,261933202
2015-07-28,NIFTY50,9331.51,9369.76,9184.67,9212.18,256894137
2015-07-29,NIFTY50,9210.69,9247.54,9070.3,9119.49,440007729
2015-07-30,NIFTY50,9107.01,9131.15,9087.35,9106.23,315122074
2015-07-31,NIFTY50,9097.13,9143.27,9026.73,9037.53,383427448
2015-08-03,NIFTY50,9033.25,9099.05,9017.21,9079.5,322825809
2015-08-04,NIFTY50,9075.71,9198.93,9028.61,9198.48,199437964
2015-08-05,NIFTY50,9210.73,9260.63,9158.65,9201.48,274433746
2015-08-06,NIFTY50,9206.5,9240.8,9116.03,9153.26,235141619
2015-08-07,NIFTY50,9158.61,9243.34,9134.39,9226.24,373463388
2015-08-10,NIFTY50,9218.68,9330.43,9208.97,9288.77,235927947
2015-08-11,NIFTY50,9283.79,9364.7,9268.61,9336.59,250608755
2015-08-12,NIFTY50,9335.91,9452.44,9294.09,9406.92,356843270
2015-08-13,NIFTY50,9390.94,9433.43,9340.67,9353.33,384060041
2015-08-14,NIFTY50,9348.31,9409.68,9347.53,9365.25,443652033
2015-08-17,NIFTY50,9374.57,9389.32,9224.96,9246.1,393888242
2015-08-18,NIFTY50,9228.53,9318.23,9197.45,9269.05,275519458
2015-08-19,NIFTY50,9267.73,9306.71,9183.19,9219.1,224099040
2015-08-20,NIFTY50,9211.89,9414.93,9206.52,9387.18,518556853
2015-08-21,NIFTY50,9393.59,9435.47,9168.33,9220.67,441540110
2015-08-24,NIFTY50,9234.88,9271.17,9165.5,9211.58,372744281
2015-08-25,NIFTY50,9218.59,9230.61,9185.38,9209.96,277248806
2015-08-26,NIFTY50,9216.8,9284.0,9162.72,9253.77,358858397
2015-08-27,NIFTY50,9271.1,9323.89,9178.61,9224.23,205576832
2015-08-28,NIFTY50,9227.81,9229.0,9135.05,9178.38,294721824
2015-08-31,NIFTY50,9167.55,9231.25,9137.07,9185.52,268006991
2015-09-01,NIFTY50,9195.6,9239.15,9162.72,9195.64,302153209
2015-09-02,NIFTY50,9182.03,9243.32,9172.41,9229.44,169862816
2015-09-03,NIFTY50,9240.08,9272.73,9121.72,9122.58,326328224
2015-09-04,NIFTY50,9123.54,9164.35,9089.69,9115.74,346950965
2015-09-07,NIFTY50,9115.88,9249.46,9113.51,9197.29,468415061
2015-09-08,NIFTY50,9180.04,9235.04,9071.06,9117.41,411759624
2015-09-09,NIFTY50,9132.35,9136.37,9042.08,9046.47,247503757
2015-09-10,NIFTY50,9051.28,9081.06,9001.55,9019.14,447973936
2015-09-11,NIFTY50,9016.62,9059.53,8883.28,8889.38,510162585
2015-09-14,NIFTY50,8887.66,8920.49,8869.58,8908.28,401834380
2015-09-15,NIFTY50,8901.6,8918.29,8884.02,8897.63,234720898
2015-09-16,NIFTY50,8883.08,8887.63,8806.44,8829.32,376938730
2015-09-17,NIFTY50,8832.37,8862.13,8765.11,8782.48,227059954
2015-09-18,NIFTY50,8797.98,8886.93,8749.63,8864.44,194194787
2015-09-21,NIFTY50,8859.18,8889.9,8839.89,8851.19,414982304
2015-09-22,NIFTY50,8863.42,8988.02,8822.86,8968.24,307309877
2015-09-23,NIFTY50,8985.26,9047.87,8952.18,9003.66,466627387
2015-09-24,NIFTY50,9015.53,9230.75,9005.77,9215.96,390369071
2015-09-25,NIFTY50,9204.22,9212.13,9162.84,9199.12,190781963
2015-09-28,NIFTY50,9181.85,9222.96,9075.84,9087.57,420919126
2015-09-29,NIFTY50,9080.72,9169.11,9029.43,9151.3,209330261
2015-09-30,NIFTY50,9160.62,9182.37,9156.13,9179.63,399901252
2015-10-01,NIFTY50,9177.5,9192.54,9063.62,9104.86,228299134
2015-10-02,NIFTY50,9111.35,9238.48,9082.55,9205.72,350538319
2015-10-05,NIFTY50,9209.38,9209.8,9021.46,9037.8,311451440
2015-10-06,NIFTY50,9030.19,9053.94,9003.24,9047.42,385263463
2015-10-07,NIFTY50,9054.79,9081.97,8889.83,8934.5,382594864
2015-10-08,NIFTY50,8918.15,9065.28,8868.85,9064.26,364268579
2015-10-09,NIFTY50,9071.86,9094.59,8981.1,8987.31,174882092
2015-10-12,NIFTY50,9003.4,9028.26,8964.66,9001.91,349860489
2015-10-13,NIFTY50,8992.67,9143.59,8964.4,9111.4,406563756
2015-10-14,NIFTY50,9101.25,9156.91,9097.08,9114.3,211889566
2015-10-15,NIFTY50,9124.37,9171.33,9071.91,9152.05,238787897
2015-10-16,NIFTY50,9140.97,9279.05,9099.28,9245.63,209928517
2015-10-19,NIFTY50,9245.41,9315.15,9203.26,9273.17,402650998
2015-10-20,NIFTY50,9278.47,9389.55,9260.48,9334.3,340801320
2015-10-21,NIFTY50,9332.14,9512.56,9316.76,9495.31,211233085
2015-10-22,NIFTY50,9493.85,9618.2,9472.85,9616.03,342790900
2015-10-23,NIFTY50,9629.7,9792.53,9600.4,9756.53,456625106
2015-10-26,NIFTY50,9765.85,9856.06,9712.58,9853.64,276049986
2015-10-27,NIFTY50,9839.88,9843.53,9712.67,9718.71,380170932
2015-10-28,NIFTY50,9724.39,9740.39,9683.1,9738.1,393613404
2015-10-29,NIFTY50,9732.8,9786.4,9638.91,9661.37,357792548
2015-10-30,NIFTY50,9666.43,9761.72,9647.3,9742.16,487147854
2015-11-02,NIFTY50,9750.88,9789.29,9676.28,9729.18,233804109
2015-11-03,NIFTY50,9715.23,9735.62,9558.84,9614.66,402857073
2015-11-04,NIFTY50,9598.69,9630.88,9534.75,9571.7,340931311
2015-11-05,NIFTY50,9584.3,9626.78,9508.61,9547.88,443374510
2015-11-06,NIFTY50,9548.2,9549.24,9440.0,9457.53,290069485
2015-11-09,NIFTY50,9445.87,9531.97,9437.09,9475.12,314548297
2015-11-10,NIFTY50,9485.39,9569.23,9435.1,9521.52,178601970
2015-11-11,NIFTY50,9526.01,9618.75,9517.19,9584.41,263412197
2015-11-12,NIFTY50,9596.26,9605.79,9570.84,9596.04,375073828
2015-11-13,NIFTY50,9614.06,9649.28,9532.52,9575.75,399283497
2015-11-16,NIFTY50,9593.58,9638.73,9538.58,9590.6,258103888
2015-11-17,NIFTY50,9609.19,9743.64,9592.94,9716.73,401705099
2015-11-18,NIFTY50,9703.59,9715.22,9591.78,9626.7,310553152
2015-11-19,NIFTY50,9621.74,9675.68,9370.26,9410.43,522900969
2015-11-20,NIFTY50,9420.33,9435.75,9352.49,9403.57,230776448
2015-11-23,NIFTY50,9419.01,9499.7,9369.02,9453.38,173021316
2015-11-24,NIFTY50,9448.61,9470.5,9358.26,9362.84,296458870
2015-11-25,NIFTY50,9375.54,9619.97,9331.03,9582.6,276418388
2015-11-26,NIFTY50,9581.54,9837.63,9537.91,9788.82,488330956
2015-11-27,NIFTY50,9772.34,9926.12,9723.38,9910.9,500093371
2015-11-30,NIFTY50,9907.86,9954.0,9875.64,9889.75,220015752
2015-12-01,NIFTY50,9901.37,9928.53,9684.8,9691.25,502309271
2015-12-02,NIFTY50,9691.84,9802.87,9683.5,9788.66,418688113
2015-12-03,NIFTY50,9791.43,9802.44,9553.38,9591.84,517714907
2015-12-04,NIFTY50,9592.84,9644.23,9535.96,9614.97,458297126
2015-12-07,NIFTY50,9597.41,9820.42,9575.91,9797.67,188880652
2015-12-08,NIFTY50,9787.53,9962.93,9781.44,9923.8,370811449
2015-12-09,NIFTY50,9917.4,9955.64,9765.95,9814.85,443299395
2015-12-10,NIFTY50,9802.37,9810.3,9758.97,9801.08,401265597
2015-12-11,NIFTY50,9812.49,9929.59,9793.91,9877.1,341017541
2015-12-14,NIFTY50,9878.8,10004.51,9834.15,9989.33,281299617
2015-12-15,NIFTY50,9971.26,10130.77,9954.91,10091.07,382978394
2015-12-16,NIFTY50,10088.63,10146.53,9975.46,9995.8,273927065
2015-12-17,NIFTY50,10012.76,10043.96,9840.36,9887.89,418697381
2015-12-18,NIFTY50,9900.64,9933.04,9704.28,9723.02,225165189
2015-12-21,NIFTY50,9720.92,9762.77,9678.69,9688.38,402155974
2015-12-22,NIFTY50,9702.72,9841.92,9644.61,9821.14,338153991
2015-12-23,NIFTY50,9803.75,9887.95,9779.86,9848.29,437224195
2015-12-24,NIFTY50,9866.13,9874.58,9790.17,9825.99,393968236
2015-12-25,NIFTY50,9836.93,10073.15,9814.34,10051.06,205727974
2015-12-28,NIFTY50,10069.1,10091.58,9968.47,10014.32,232109352
2015-12-29,NIFTY50,10020.31,10035.32,9926.05,9932.81,270221765
2015-12-30,NIFTY50,9935.26,9950.87,9837.53,9852.92,420928594
2015-12-31,NIFTY50,9860.56,9919.65,9720.37,9732.06,250206699
2016-01-01,NIFTY50,9747.58,9773.61,9681.52,9686.62,336591906
2016-01-04,NIFTY50,9688.56,9705.43,9652.78,9670.18,238539914
2016-01-05,NIFTY50,9675.51,9788.92,9645.97,9742.52,231251119
2016-01-06,NIFTY50,9732.26,9779.99,9711.19,9751.09,351119039
2016-01-07,NIFTY50,9736.65,9921.44,9732.81,9869.08,407775524
2016-01-08,NIFTY50,9870.09,9918.57,9821.34,9873.0,190348154
2016-01-11,NIFTY50,9856.18,9883.73,9768.88,9799.3,235240230
2016-01-12,NIFTY50,9804.78,9823.4,9747.93,9812.69,387482190
2016-01-13,NIFTY50,9825.69,9921.77,9807.76,9891.03,255872910
2016-01-14,NIFTY50,9884.93,9940.74,9806.81,9859.75,198418449
2016-01-15,NIFTY50,9861.76,9869.17,9743.45,9761.18,480039268
2016-01-18,NIFTY50,9764.77,9798.78,9627.94,9637.84,373116696
2016-01-19,NIFTY50,9650.37,9652.02,9590.18,9592.8,305734903
2016-01-20,NIFTY50,9589.6,9642.92,9560.94,9606.09,449043077
2016-01-21,NIFTY50,9605.44,9795.85,9565.96,9748.78,355681882
2016-01-22,NIFTY50,9735.44,9759.72,9682.29,9709.35,346092515
2016-01-25,NIFTY50,9717.83,9760.64,9628.4,9678.38,375670163
2016-01-26,NIFTY50,9680.77,9699.31,9528.58,9555.32,330928516
2016-01-27,NIFTY50,9538.15,9686.94,9488.69,9632.3,404651736
2016-01-28,NIFTY50,9619.19,9757.0,9585.85,9737.87,352728377
2016-01-29,NIFTY50,9757.19,9860.74,9705.73,9833.2,457849769
2016-02-01,NIFTY50,9833.42,10137.39,9820.72,10078.93,424287581
2016-02-02,NIFTY50,10082.86,10133.85,9996.88,10037.38,315917796
2016-02-03,NIFTY50,10034.61,10156.38,9990.8,10102.89,390414372
2016-02-04,NIFTY50,10105.73,10117.53,9963.86,9997.04,209328106
2016-02-05,NIFTY50,9999.03,10048.55,9839.95,9876.88,239482364
2016-02-08,NIFTY50,9871.87,10096.78,9838.83,10037.35,402543305
2016-02-09,NIFTY50,10037.71,10094.56,10034.99,10064.36,229587482
2016-02-10,NIFTY50,10065.14,10104.04,10011.2,10095.02,231898923
2016-02-11,NIFTY50,10081.39,10141.31,9946.68,9991.0,342659043
2016-02-12,NIFTY50,9991.39,10020.75,9865.24,9898.68,442375431
2016-02-15,NIFTY50,9905.56,9963.8,9827.96,9862.5,170310662
2016-02-16,NIFTY50,9868.64,9926.2,9823.45,9857.67,273495550
2016-02-17,NIFTY50,9844.68,9881.83,9760.18,9796.61,376048110
2016-02-18,NIFTY50,9778.25,9833.88,9717.86,9724.28,171992202
2016-02-19,NIFTY50,9720.89,9732.78,9596.53,9625.51,444143164
2016-02-22,NIFTY50,9608.65,9633.58,9596.7,9625.6,324540924
2016-02-23,NIFTY50,9620.86,9679.62,9594.32,9624.38,436774361
2016-02-24,NIFTY50,9634.85,9676.53,9510.28,9547.13,315359529
2016-02-25,NIFTY50,9537.45,9615.51,9524.58,9583.42,321556805
2016-02-26,NIFTY50,9590.72,9618.85,9541.84,9569.39,301158941
2016-02-29,NIFTY50,9571.04,9622.48,9422.87,9445.23,378794359
2016-03-01,NIFTY50,9437.31,9475.01,9396.88,9458.68,340737440
2016-03-02,NIFTY50,9468.04,9480.2,9396.13,9443.04,300451432
2016-03-03,NIFTY50,9429.34,9471.06,9396.14,9436.21,282196302
2016-03-04,NIFTY50,9425.85,9635.06,9420.18,9621.62,391640615
2016-03-07,NIFTY50,9632.04,9686.37,9600.23,9686.07,250522425
2016-03-08,NIFTY50,9700.73,9831.77,9689.12,9803.69,341153982
2016-03-09,NIFTY50,9819.68,9824.96,9689.2,9722.69,473436949
2016-03-10,NIFTY50,9704.7,9823.46,9680.36,9769.44,256126775
2016-03-11,NIFTY50,9782.58,9853.63,9771.65,9807.27,317230395
2016-03-14,NIFTY50,9809.93,9865.73,9752.07,9859.39,318863554
2016-03-15,NIFTY50,9860.35,9912.96,9781.7,9789.58,450483536
2016-03-16,NIFTY50,9774.41,9843.87,9747.5,9834.28,301275043
2016-03-17,NIFTY50,9827.88,9931.91,9788.11,9914.36,274361460
2016-03-18,NIFTY50,9930.11,10077.27,9899.41,10027.52,219001177
2016-03-21,NIFTY50,10046.84,10167.43,9990.42,10138.39,170657871
2016-03-22,NIFTY50,10148.68,10215.44,10130.3,10157.3,159051529
2016-03-23,NIFTY50,10146.59,10187.24,10033.38,10061.48,257986971
2016-03-24,NIFTY50,10077.38,10119.92,9919.04,9937.58,239270656
2016-03-25,NIFTY50,9932.32,10038.58,9875.26,10025.3,442623066
2016-03-28,NIFTY50,10029.54,10054.56,9994.14,10027.18,403531525
2016-03-29,NIFTY50,10040.24,10100.45,9999.26,10054.49,199235092
2016-03-30,NIFTY50,10048.93,10104.23,9945.65,9952.35,489120508
2016-03-31,NIFTY50,9953.81,9979.33,9902.78,9969.49,393877129
2016-04-01,NIFTY50,9972.8,10033.79,9942.26,10028.32,190483217
2016-04-04,NIFTY50,10026.58,10030.06,9885.92,9913.42,351587488
2016-04-05,NIFTY50,9925.97,9970.39,9823.51,9857.71,184111336
2016-04-06,NIFTY50,9859.33,9862.9,9771.79,9824.5,417031653
2016-04-07,NIFTY50,9835.07,9880.27,9566.37,9622.85,452788629
2016-04-08,NIFTY50,9620.87,9780.12,9599.08,9726.59,213899169
2016-04-11,NIFTY50,9728.12,9766.27,9668.27,9688.48,255448699
2016-04-12,NIFTY50,9674.04,9741.08,9625.59,9684.21,162921066
2016-04-13,NIFTY50,9692.7,9717.36,9647.9,9669.9,277338853
2016-04-14,NIFTY50,9661.22,9715.56,9545.34,9587.04,228627431
2016-04-15,NIFTY50,9591.45,9645.33,9413.21,9463.69,315130952
2016-04-18,NIFTY50,9446.03,9631.11,9406.17,9596.69,200886550
2016-04-19,NIFTY50,9594.35,9779.68,9550.92,9748.11,208751003
2016-04-20,NIFTY50,9737.74,9990.56,9704.08,9935.93,384228509
2016-04-21,NIFTY50,9955.24,10086.01,9930.53,10054.57,333270678
2016-04-22,NIFTY50,10069.84,10329.51,10032.02,10273.32,461883513
2016-04-25,NIFTY50,10266.92,10419.22,10243.44,10379.15,476029695
2016-04-26,NIFTY50,10364.59,10388.0,10208.44,10254.85,452627247
2016-04-27,NIFTY50,10269.52,10293.74,10240.99,10284.83,186225238
2016-04-28,NIFTY50,10287.18,10400.51,10272.19,10392.15,286208370
2016-04-29,NIFTY50,10390.06,10549.45,10356.67,10526.01,284759410
2016-05-02,NIFTY50,10530.43,10532.93,10351.7,10356.22,309500065
2016-05-03,NIFTY50,10349.3,10502.22,10348.35,10442.26,272956236
2016-05-04,NIFTY50,10463.13,10497.46,10447.9,10467.38,266047560
2016-05-05,NIFTY50,10459.91,10498.95,10430.65,10481.15,347386286
2016-05-06,NIFTY50,10497.2,10526.55,10338.74,10388.78,437488648
2016-05-09,NIFTY50,10376.45,10395.93,10359.51,10362.35,275634564
2016-05-10,NIFTY50,10364.56,10479.39,10319.78,10442.8,332428502
2016-05-11,NIFTY50,10437.78,10489.97,10323.91,10354.93,359096570
2016-05-12,NIFTY50,10374.26,10470.23,10343.72,10430.07,257757343
2016-05-13,NIFTY50,10415.05,10449.2,10376.51,10387.98,458857664
2016-05-16,NIFTY50,10388.97,10458.31,10384.34,10405.92,179086755
2016-05-17,NIFTY50,10420.18,10434.65,10304.92,10348.83,163406018
2016-05-18,NIFTY50,10330.64,10370.17,10131.49,10188.58,472816414
2016-05-19,NIFTY50,10189.89,10306.46,10188.87,10281.09,324511123
2016-05-20,NIFTY50,10281.18,10324.23,10234.27,10260.78,251106654
2016-05-23,NIFTY50,10246.37,10446.9,10214.0,10434.88,398027741
2016-05-24,NIFTY50,10429.58,10454.99,10276.22,10311.17,303413963
2016-05-25,NIFTY50,10293.88,10449.22,10253.74,10387.42,179359717
2016-05-26,NIFTY50,10389.61,10393.11,10235.59,10236.17,277249882
2016-05-27,NIFTY50,10242.1,10383.79,10182.04,10363.19,226163587
2016-05-30,NIFTY50,10351.99,10464.7,10308.99,10408.41,422967982
2016-05-31,NIFTY50,10416.09,10572.82,10382.15,10555.06,191286887
2016-06-01,NIFTY50,10534.61,10682.74,10525.5,10669.48,403273466
2016-06-02,NIFTY50,10672.21,10708.49,10608.07,10662.41,443126099
2016-06-03,NIFTY50,10647.06,10735.81,10600.8,10672.52,422828931
2016-06-06,NIFTY50,10655.34,10670.18,10628.44,10633.29,376319215
2016-06-07,NIFTY50,10638.99,10689.01,10597.63,10626.36,274257814
2016-06-08,NIFTY50,10623.46,10810.36,10581.35,10766.45,221848134
2016-06-09,NIFTY50,10755.53,10760.28,10733.32,10750.61,359220409
2016-06-10,NIFTY50,10760.91,10781.36,10692.47,10699.31,160080435
2016-06-13,NIFTY50,10710.49,10717.06,10665.77,10671.36,391340465
2016-06-14,NIFTY50,10667.44,10669.12,10532.95,10555.36,221700550
2016-06-15,NIFTY50,10570.72,10582.76,10544.47,10581.98,200402445
2016-06-16,NIFTY50,10602.84,10618.28,10478.81,10511.67,377951528
2016-06-17,NIFTY50,10501.93,10511.13,10483.56,10494.09,303143007
2016-06-20,NIFTY50,10476.33,10492.15,10353.0,10368.34,466053620
2016-06-21,NIFTY50,10352.04,10425.76,10293.1,10406.74,340520376
2016-06-22,NIFTY50,10421.82,10449.35,10342.34,10369.13,231143921
2016-06-23,NIFTY50,10377.23,10407.05,10241.11,10252.04,404883705
2016-06-24,NIFTY50,10260.04,10290.26,10214.92,10250.33,280617433
2016-06-27,NIFTY50,10262.05,10284.53,10170.16,10227.35,263034823
2016-06-28,NIFTY50,10234.79,10268.57,10078.6,10136.56,433147738
2016-06-29,NIFTY50,10148.63,10200.02,10144.42,10149.4,374338171
2016-06-30,NIFTY50,10141.4,10224.48,10132.02,10209.01,399315626
2016-07-01,NIFTY50,10229.05,10302.82,10204.45,10273.28,448551695
2016-07-04,NIFTY50,10269.92,10306.76,10210.25,10304.49,451564200
2016-07-05,NIFTY50,10288.39,10410.44,10247.36,10394.96,260312565
2016-07-06,NIFTY50,10415.07,10530.88,10390.1,10488.25,357461618
2016-07-07,NIFTY50,10467.71,10485.37,10435.64,10469.12,436341838
2016-07-08,NIFTY50,10457.44,10480.91,10403.83,10432.82,433202340
2016-07-11,NIFTY50,10432.1,10649.14,10374.48,10630.3,233210920
2016-07-12,NIFTY50,10615.07,10850.55,10586.07,10830.28,310172118
2016-07-13,NIFTY50,10812.85,10859.69,10737.9,10767.12,196913998
2016-07-14,NIFTY50,10750.55,10885.73,10708.75,10830.55,252270977
2016-07-15,NIFTY50,10831.24,10868.96,10809.73,10833.08,379790937
2016-07-18,NIFTY50,10828.97,10853.37,10787.35,10841.37,384921945
2016-07-19,NIFTY50,10857.98,10887.27,10807.22,10835.14,153264054
2016-07-20,NIFTY50,10846.08,10916.35,10842.01,10863.64,210008680
2016-07-21,NIFTY50,10857.8,10870.64,10793.94,10801.33,436464618
2016-07-22,NIFTY50,10805.52,10845.15,10693.94,10731.74,358490058
2016-07-25,NIFTY50,10717.68,10760.99,10543.48,10594.37,220525202
2016-07-26,NIFTY50,10583.29,10590.72,10540.78,10564.45,232271605
2016-07-27,NIFTY50,10549.14,10573.43,10456.22,10467.89,478582175
2016-07-28,NIFTY50,10488.82,10523.74,10389.94,10420.55,235509787
2016-07-29,NIFTY50,10425.53,10578.92,10365.99,10524.26,450994629
2016-08-01,NIFTY50,10543.79,10640.66,10512.48,10608.49,447124156
2016-08-02,NIFTY50,10608.01,10690.04,10606.04,10684.74,287688320
2016-08-03,NIFTY50,10686.35,10697.13,10635.52,10664.78,423688498
2016-08-04,NIFTY50,10648.32,10803.55,10595.72,10753.54,375831630
2016-08-05,NIFTY50,10764.72,10793.23,10749.08,10763.19,381650520
2016-08-08,NIFTY50,10774.01,10892.7,10709.42,10873.28,431486310
2016-08-09,NIFTY50,10855.32,11044.65,10847.67,10987.6,306355472
2016-08-10,NIFTY50,10995.92,11052.72,10938.01,10978.21,383119126
2016-08-11,NIFTY50,10965.32,11123.66,10961.42,11109.87,378919868
2016-08-12,NIFTY50,11095.13,11160.3,10998.28,11017.62,317901143
2016-08-15,NIFTY50,11035.26,11089.23,10981.08,10990.02,380266605
2016-08-16,NIFTY50,11006.16,11046.3,10948.96,11037.9,296417869
2016-08-17,NIFTY50,11026.75,11082.56,10927.07,10952.87,243761482
2016-08-18,NIFTY50,10949.12,10978.81,10903.4,10945.01,201416112
2016-08-19,NIFTY50,10953.53,11011.19,10919.89,10949.76,413805425
2016-08-22,NIFTY50,10961.77,11158.98,10913.69,11110.14,454148797
2016-08-23,NIFTY50,11125.7,11178.81,11055.98,11082.42,390159805
2016-08-24,NIFTY50,11074.57,11093.41,10985.91,11022.11,232091225
2016-08-25,NIFTY50,11015.22,11060.33,10912.68,10915.85,223073328
2016-08-26,NIFTY50,10894.73,11033.95,10884.4,10972.76,415689506
2016-08-29,NIFTY50,10959.69,11409.16,10951.02,11362.22,422824248
2016-08-30,NIFTY50,11351.95,11601.51,11334.89,11556.12,409298994
2016-08-31,NIFTY50,11535.4,11578.7,11452.33,11502.43,288514078
2016-09-01,NIFTY50,11483.81,11641.92,11478.44,11627.03,300837057
2016-09-02,NIFTY50,11604.15,11628.07,11504.96,11513.29,413579387
2016-09-05,NIFTY50,11500.81,11506.97,11370.65,11425.91,220995979
2016-09-06,NIFTY50,11409.32,11605.91,11357.76,11552.29,245981531
2016-09-07,NIFTY50,11532.35,11571.33,11469.64,11511.79,246457467
2016-09-08,NIFTY50,11517.69,11528.15,11464.43,11492.82,393888153
2016-09-09,NIFTY50,11474.46,11601.43,11433.87,11549.29,373675339
2016-09-12,NIFTY50,11562.74,11579.93,11367.06,11411.2,317099824
2016-09-13,NIFTY50,11416.11,11469.46,11274.03,11320.93,336622818
2016-09-14,NIFTY50,11306.83,11333.41,11132.94,11176.27,314082137
2016-09-15,NIFTY50,11176.25,11317.12,11140.82,11276.93,170572516
2016-09-16,NIFTY50,11260.33,11356.29,11221.93,11297.94,352627495
2016-09-19,NIFTY50,11296.63,11425.35,11291.68,11358.07,196169010
2016-09-20,NIFTY50,11377.27,11495.7,11350.1,11430.63,323217157
2016-09-21,NIFTY50,11426.77,11474.88,11325.53,11331.14,476197229
2016-09-22,NIFTY50,11312.26,11410.49,11249.76,11405.08,248649476
2016-09-23,NIFTY50,11411.21,11468.34,11270.43,11316.68,199873088
2016-09-26,NIFTY50,11337.2,11353.44,11153.41,11169.8,433005777
2016-09-27,NIFTY50,11149.92,11194.48,10963.69,11007.15,279871462
2016-09-28,NIFTY50,11016.03,11026.85,10893.1,10955.75,450905040
2016-09-29,NIFTY50,10945.2,11037.83,10895.96,11013.26,309740976
2016-09-30,NIFTY50,11030.88,11101.29,11002.46,11079.02,456992512
2016-10-03,NIFTY50,11082.42,11087.55,10996.0,11026.11,359737712
2016-10-04,NIFTY50,11011.42,11201.45,10960.33,11190.88,243587957
2016-10-05,NIFTY50,11170.47,11228.31,10997.34,11013.5,467199063
2016-10-06,NIFTY50,10999.36,11213.15,10997.02,11148.91,421271810
2016-10-07,NIFTY50,11167.46,11188.89,11100.64,11155.93,352352964
2016-10-10,NIFTY50,11135.96,11150.88,11025.48,11059.71,189721850
2016-10-11,NIFTY50,11058.16,11112.72,11002.11,11093.93,335796009
2016-10-12,NIFTY50,11088.11,11107.51,10823.05,10874.23,335731222
2016-10-13,NIFTY50,10873.94,10924.35,10759.13,10771.76,485219014
2016-10-14,NIFTY50,10750.49,10805.44,10735.46,10778.92,338219835
2016-10-17,NIFTY50,10757.78,10779.4,10700.94,10749.89,361493997
2016-10-18,NIFTY50,10732.86,10780.55,10717.52,10746.39,415504144
2016-10-19,NIFTY50,10731.01,10797.62,10728.19,10779.52,282728054
2016-10-20,NIFTY50,10788.18,10812.3,10674.28,10737.06,203285401
2016-10-21,NIFTY50,10742.96,10768.38,10597.85,10635.62,200768989
2016-10-24,NIFTY50,10624.42,10784.36,10604.34,10767.5,405722502
2016-10-25,NIFTY50,10759.66,10781.98,10754.84,10764.41,259571577
2016-10-26,NIFTY50,10747.58,10801.89,10718.59,10795.04,327660212
2016-10-27,NIFTY50,10815.1,10828.58,10646.06,10665.79,327269839
2016-10-28,NIFTY50,10678.91,10738.41,10633.76,10718.84,180190166
2016-10-31,NIFTY50,10703.77,10880.71,10641.57,10834.48,401864971
2016-11-01,NIFTY50,10824.09,10888.43,10784.85,10786.86,383241732
2016-11-02,NIFTY50,10789.02,10795.16,10731.22,10737.78,235289942
2016-11-03,NIFTY50,10749.85,10951.14,10737.07,10936.55,432637547
2016-11-04,NIFTY50,10942.88,10981.12,10824.85,10841.69,206762119
2016-11-07,NIFTY50,10859.14,11137.97,10850.75,11108.41,408693184
2016-11-08,NIFTY50,11088.44,11378.33,11059.63,11315.59,429589310
2016-11-09,NIFTY50,11312.27,11336.29,11165.23,11226.42,321083692
2016-11-10,NIFTY50,11205.52,11400.22,11188.99,11358.02,344590356
2016-11-11,NIFTY50,11357.07,11463.43,11330.97,11457.4,407892109
2016-11-14,NIFTY50,11458.58,11652.81,11403.43,11608.88,181703024
2016-11-15,NIFTY50,11602.34,11655.26,11568.6,11617.31,422768389
2016-11-16,NIFTY50,11595.28,11642.81,11593.25,11601.25,304982957
2016-11-17,NIFTY50,11602.62,11923.24,11533.03,11868.63,290021108
2016-11-18,NIFTY50,11857.55,11915.62,11675.75,11740.36,199470791
2016-11-21,NIFTY50,11743.92,11892.82,11716.55,11823.11,260406457
2016-11-22,NIFTY50,11837.59,11887.14,11589.58,11653.49,188836317
2016-11-23,NIFTY50,11656.64,11666.58,11537.33,11603.36,432081455
2016-11-24,NIFTY50,11581.91,11667.51,11540.1,11663.58,169038674
2016-11-25,NIFTY50,11683.08,11808.6,11673.93,11794.34,272771498
2016-11-28,NIFTY50,11786.02,11826.96,11744.54,11825.4,232001735
2016-11-29,NIFTY50,11842.46,11944.94,11815.92,11876.5,378041614
2016-11-30,NIFTY50,11868.07,11937.56,11769.54,11821.48,402354642
2016-12-01,NIFTY50,11828.54,11913.64,11759.78,11901.2,364602328
2016-12-02,NIFTY50,11885.74,11907.62,11692.05,11740.55,247846487
2016-12-05,NIFTY50,11750.04,11994.23,11690.06,11953.14,197694980
2016-12-06,NIFTY50,11967.91,12011.81,11825.85,11871.41,219971647
2016-12-07,NIFTY50,11883.06,11919.63,11813.02,11902.63,246448016
2016-12-08,NIFTY50,11917.94,12060.94,11865.79,12012.65,360779864
2016-12-09,NIFTY50,12000.61,12009.11,11982.13,12004.22,209459018
2016-12-12,NIFTY50,12001.26,12128.25,11989.28,12097.79,401290749
2016-12-13,NIFTY50,12100.01,12107.38,11969.83,12004.36,292045228
2016-12-14,NIFTY50,12020.96,12225.81,11997.98,12204.21,240556452
2016-12-15,NIFTY50,12198.13,12391.13,12158.1,12336.94,221735216
2016-12-16,NIFTY50,12356.35,12567.29,12324.37,12514.39,272898907
2016-12-19,NIFTY50,12492.05,12516.86,12338.73,12411.3,400190016
2016-12-20,NIFTY50,12422.71,12442.48,12378.43,12399.38,280197936
2016-12-21,NIFTY50,12401.84,12438.37,12201.51,12205.5,175823151
2016-12-22,NIFTY50,12213.41,12257.39,12154.65,12169.23,168683958
2016-12-23,NIFTY50,12192.45,12227.1,12033.77,12042.12,401346066
2016-12-26,NIFTY50,12030.8,12205.23,12002.83,12158.4,382909570
2016-12-27,NIFTY50,12155.77,12174.97,12091.2,12125.04,278912804
2016-12-28,NIFTY50,12108.12,12158.72,12060.32,12067.32,350498105
2016-12-29,NIFTY50,12079.7,12096.19,12004.2,12008.59,375239520
2016-12-30,NIFTY50,12010.3,12072.77,11916.96,11951.01,289768721
2017-01-02,NIFTY50,11970.26,12129.77,11934.2,12078.0,472887828
2017-01-03,NIFTY50,12083.82,12092.54,11995.03,12049.77,248488927
2017-01-04,NIFTY50,12035.89,12087.57,12032.81,12073.6,195872302
2017-01-05,NIFTY50,12097.62,12143.15,12002.49,12062.86,291019501
2017-01-06,NIFTY50,12077.69,12083.99,12003.27,12043.47,453554290
2017-01-09,NIFTY50,12041.46,12104.57,11964.1,12020.83,438645283
2017-01-10,NIFTY50,12003.98,12128.27,11962.01,12087.18,215045390
2017-01-11,NIFTY50,12067.88,12088.6,12011.99,12050.72,344704596
2017-01-12,NIFTY50,12058.18,12099.57,12016.76,12050.96,242497321
2017-01-13,NIFTY50,12056.2,12220.77,12053.4,12170.11,360396781
2017-01-16,NIFTY50,12168.91,12290.13,12141.71,12270.36,358686321
2017-01-17,NIFTY50,12259.58,12295.74,12200.48,12251.66,205819812
2017-01-18,NIFTY50,12241.88,12315.68,12185.02,12260.96,324713257
2017-01-19,NIFTY50,12268.1,12281.94,12087.7,12103.05,416071921
2017-01-20,NIFTY50,12120.82,12180.53,12076.35,12113.8,237438854
2017-01-23,NIFTY50,12109.12,12165.83,12013.84,12051.75,174021171
2017-01-24,NIFTY50,12037.32,12213.03,12034.93,12208.81,200229763
2017-01-25,NIFTY50,12197.77,12261.1,12160.81,12200.82,217921470
2017-01-26,NIFTY50,12200.27,12244.14,12129.96,12211.45,408317174
2017-01-27,NIFTY50,12195.01,12260.46,12092.11,12146.69,209056688
2017-01-30,NIFTY50,12130.32,12171.97,11944.29,12013.84,298240363
2017-01-31,NIFTY50,12002.74,12032.24,11971.1,11972.54,160097908
2017-02-01,NIFTY50,11956.89,12129.58,11940.84,12071.57,339964181
2017-02-02,NIFTY50,12060.73,12125.53,11991.58,12053.17,402465559
2017-02-03,NIFTY50,12061.71,12121.37,11844.33,11872.63,235624630
2017-02-06,NIFTY50,11894.78,12293.14,11854.71,12231.54,392983659
2017-02-07,NIFTY50,12210.2,12451.03,12163.27,12377.63,334322383
2017-02-08,NIFTY50,12397.06,12419.28,12325.47,12336.56,288268241
2017-02-09,NIFTY50,12351.48,12405.01,12302.53,12360.51,229493147
2017-02-10,NIFTY50,12385.1,12404.38,12281.99,12312.91,372255682
2017-02-13,NIFTY50,12337.28,12397.68,12213.98,12239.18,285512124
2017-02-14,NIFTY50,12237.99,12307.06,12153.36,12179.56,326323130
2017-02-15,NIFTY50,12197.9,12234.48,12190.76,12221.19,226165606
2017-02-16,NIFTY50,12224.08,12291.02,12143.35,12212.73,332477439
2017-02-17,NIFTY50,12199.22,12300.74,12168.44,12236.76,334325122
2017-02-20,NIFTY50,12234.99,12243.63,12097.89,12101.79,208995836
2017-02-21,NIFTY50,12083.38,12204.96,12044.97,12155.32,388230920
2017-02-22,NIFTY50,12137.69,12345.52,12107.89,12330.7,452744093
2017-02-23,NIFTY50,12314.94,12492.17,12290.36,12486.12,275802984
2017-02-24,NIFTY50,12483.72,12676.46,12425.78,12660.56,267898412
2017-02-27,NIFTY50,12639.7,12725.24,12591.65,12678.5,371763979
2017-02-28,NIFTY50,12653.38,12693.9,12474.16,12529.08,176125220
2017-03-01,NIFTY50,12530.64,12538.52,12530.33,12537.17,285416026
2017-03-02,NIFTY50,12527.75,12697.62,12489.91,12689.8,352613730
2017-03-03,NIFTY50,12679.56,12819.91,12624.19,12797.58,468021099
2017-03-06,NIFTY50,12822.94,12966.49,12753.59,12939.88,380996578
2017-03-07,NIFTY50,12960.94,13056.52,12959.45,12993.21,281578032
2017-03-08,NIFTY50,13005.38,13112.19,12992.19,13065.96,366230681
2017-03-09,NIFTY50,13059.44,13148.98,12999.01,13098.66,180490997
2017-03-10,NIFTY50,13078.12,13292.2,13074.34,13225.85,232766394
2017-03-13,NIFTY50,13228.35,13266.01,13098.4,13110.44,168520195
2017-03-14,NIFTY50,13118.96,13140.22,12967.36,13014.65,239979037
2017-03-15,NIFTY50,13015.26,13200.38,12993.18,13151.64,228843272
2017-03-16,NIFTY50,13166.26,13231.95,12967.1,13043.25,370356133
2017-03-17,NIFTY50,13019.22,13058.68,13003.0,13019.91,415358665
2017-03-20,NIFTY50,13028.85,13281.65,12963.55,13209.77,475826412
2017-03-21,NIFTY50,13210.39,13480.62,13202.36,13422.35,333627965
2017-03-22,NIFTY50,13447.97,13469.28,13309.22,13313.22,263613182
2017-03-23,NIFTY50,13305.78,13412.76,13271.77,13358.52,219444437
2017-03-24,NIFTY50,13334.25,13447.11,13281.18,13378.72,245195338
2017-03-27,NIFTY50,13403.07,13555.99,13344.12,13534.21,390733861
2017-03-28,NIFTY50,13528.84,13652.34,13506.77,13573.97,367570380
2017-03-29,NIFTY50,13569.72,13641.87,13456.53,13470.0,238079189
2017-03-30,NIFTY50,13493.85,13590.65,13460.16,13577.66,441833936
2017-03-31,NIFTY50,13560.35,13591.25,13517.39,13546.54,169263984
2017-04-03,NIFTY50,13558.85,13676.42,13519.55,13603.63,429425047
2017-04-04,NIFTY50,13578.92,13600.24,13355.47,13380.7,502513435
2017-04-05,NIFTY50,13384.18,13462.71,13251.3,13304.77,350441982
2017-04-06,NIFTY50,13311.06,13345.63,13198.2,13255.99,423719135
2017-04-07,NIFTY50,13249.89,13316.59,13135.81,13179.97,189577713
2017-04-10,NIFTY50,13180.26,13566.33,13141.05,13528.24,301901328
2017-04-11,NIFTY50,13514.22,13592.88,13238.11,13242.11,326578858
2017-04-12,NIFTY50,13258.9,13265.18,13113.63,13148.68,418128556
2017-04-13,NIFTY50,13139.0,13216.31,12821.63,12879.22,192234176
2017-04-14,NIFTY50,12882.16,12882.18,12655.65,12662.55,366274861
2017-04-17,NIFTY50,12670.38,12705.07,12588.8,12614.6,185922385
2017-04-18,NIFTY50,12606.12,12721.19,12560.75,12662.89,358249614
2017-04-19,NIFTY50,12676.02,12759.71,12650.06,12742.76,326105694
2017-04-20,NIFTY50,12722.69,12791.16,12617.83,12655.22,395089901
2017-04-21,NIFTY50,12639.4,12709.95,12436.53,12465.92,454515653
2017-04-24,NIFTY50,12457.84,12555.14,12454.36,12498.36,221777748
2017-04-25,NIFTY50,12506.28,12578.03,12412.66,12422.69,443101168
2017-04-26,NIFTY50,12425.34,12457.61,12351.09,12394.61,432471193
2017-04-27,NIFTY50,12404.12,12483.11,12343.44,12470.12,218121184
2017-04-28,NIFTY50,12489.21,12526.99,12315.58,12344.07,311905143
2017-05-01,NIFTY50,12367.3,12567.57,12357.41,12533.52,428618688
2017-05-02,NIFTY50,12534.13,12693.66,12492.94,12629.77,342992401
2017-05-03,NIFTY50,12636.47,12741.71,12589.15,12726.37,329406912
2017-05-04,NIFTY50,12707.67,12879.0,12633.31,12824.34,264359597
2017-05-05,NIFTY50,12815.23,12824.1,12754.2,12781.21,421613643
2017-05-08,NIFTY50,12791.96,12957.25,12723.35,12905.04,478939572
2017-05-09,NIFTY50,12920.96,13063.05,12919.0,13022.2,248722935
2017-05-10,NIFTY50,13010.07,13371.82,12933.29,13309.09,347200668
2017-05-11,NIFTY50,13324.23,13560.91,13280.97,13544.34,403115956
2017-05-12,NIFTY50,13564.27,13676.86,13493.89,13616.44,377883331
2017-05-15,NIFTY50,13632.72,13693.07,13578.37,13669.48,368682495
2017-05-16,NIFTY50,13695.5,13873.84,13650.13,13847.86,177442906
2017-05-17,NIFTY50,13868.29,13955.18,13831.42,13883.5,278068420
2017-05-18,NIFTY50,13891.7,13954.64,13828.28,13873.78,257267492
2017-05-19,NIFTY50,13862.36,13986.38,13805.58,13971.5,268018443
2017-05-22,NIFTY50,13950.23,13977.76,13926.87,13974.35,292458070
2017-05-23,NIFTY50,13960.66,13988.35,13690.44,13748.98,270705699
2017-05-24,NIFTY50,13754.31,14119.11,13702.7,14053.88,380799011
2017-05-25,NIFTY50,14045.9,14111.97,13890.64,13917.18,294167215
2017-05-26,NIFTY50,13933.12,13946.44,13839.32,13884.57,375173564
2017-05-29,NIFTY50,13868.65,13970.45,13838.62,13942.68,278463886
2017-05-30,NIFTY50,13941.28,13988.23,13855.01,13917.82,157485777
2017-05-31,NIFTY50,13903.36,13956.94,13692.1,13767.99,311143766
2017-06-01,NIFTY50,13758.13,13834.21,13680.12,13758.6,359600927
2017-06-02,NIFTY50,13732.44,13775.03,13666.22,13729.7,435069420
2017-06-05,NIFTY50,13704.64,13778.51,13638.67,13654.44,449240406
2017-06-06,NIFTY50,13680.2,13963.84,13636.43,13899.35,218358812
2017-06-07,NIFTY50,13883.4,13940.49,13676.66,13745.58,289174041
2017-06-08,NIFTY50,13771.76,13835.82,13656.03,13709.21,193712964
2017-06-09,NIFTY50,13706.97,13799.36,13699.77,13771.95,187332824
2017-06-12,NIFTY50,13748.28,13843.14,13673.14,13775.23,369725522
2017-06-13,NIFTY50,13771.54,13772.94,13603.17,13658.34,474229313
2017-06-14,NIFTY50,13634.48,13695.51,13583.61,13587.32,198797535
2017-06-15,NIFTY50,13575.9,13631.77,13359.58,13408.37,340798636
2017-06-16,NIFTY50,13402.75,13455.88,13290.38,13328.29,462469295
2017-06-19,NIFTY50,13344.11,13412.12,13306.2,13329.79,227606362
2017-06-20,NIFTY50,13354.6,13555.36,13302.69,13485.19,174171622
2017-06-21,NIFTY50,13464.87,13465.28,13312.36,13360.19,479018995
2017-06-22,NIFTY50,13344.69,13546.04,13286.57,13486.05,288515665
2017-06-23,NIFTY50,13486.73,13499.75,13370.7,13388.43,306369456
2017-06-26,NIFTY50,13404.48,13559.69,13336.0,13490.7,478628271
2017-06-27,NIFTY50,13479.4,13484.85,13337.17,13345.04,455995790
2017-06-28,NIFTY50,13354.18,13372.97,13303.33,13326.13,190134696
2017-06-29,NIFTY50,13323.5,13372.77,13283.72,13308.13,234947308
2017-06-30,NIFTY50,13298.35,13332.53,13224.79,13225.18,299752440
2017-07-03,NIFTY50,13232.63,13254.59,13182.1,13210.6,331622943
2017-07-04,NIFTY50,13203.13,13227.33,13110.68,13154.23,254793017
2017-07-05,NIFTY50,13142.68,13327.65,13072.4,13261.89,276367577
2017-07-06,NIFTY50,13239.42,13429.47,13237.94,13423.4,473717971
2017-07-07,NIFTY50,13427.64,13538.52,13410.5,13476.32,176369344
2017-07-10,NIFTY50,13503.21,13541.46,13285.83,13347.91,379404402
2017-07-11,NIFTY50,13352.7,13557.91,13341.97,13488.54,463185697
2017-07-12,NIFTY50,13488.65,13542.29,13308.11,13376.16,258950717
2017-07-13,NIFTY50,13357.93,13488.1,13312.58,13442.42,239808441
2017-07-14,NIFTY50,13434.83,13452.47,13309.95,13349.0,196518210
2017-07-17,NIFTY50,13358.01,13417.31,13294.57,13375.75,365535435
2017-07-18,NIFTY50,13351.48,13430.04,13206.12,13231.85,476160765
2017-07-19,NIFTY50,13244.65,13290.63,13174.91,13220.14,355334775
2017-07-20,NIFTY50,13228.25,13294.56,13108.58,13149.34,370893025
2017-07-21,NIFTY50,13144.39,13224.77,13117.18,13160.24,412219905
2017-07-24,NIFTY50,13180.35,13262.2,13162.16,13227.28,447957301
2017-07-25,NIFTY50,13210.72,13290.31,13153.86,13261.49,219049883
2017-07-26,NIFTY50,13252.48,13261.5,13115.59,13168.95,435587013
2017-07-27,NIFTY50,13186.51,13293.5,13183.09,13291.71,258553674
2017-07-28,NIFTY50,13312.49,13324.22,13032.64,13045.66,292316827
2017-07-31,NIFTY50,13070.15,13120.15,12865.33,12933.5,328158812
2017-08-01,NIFTY50,12939.01,12984.37,12901.62,12947.75,270719914
2017-08-02,NIFTY50,12963.01,13026.82,12879.06,12893.13,442131646
2017-08-03,NIFTY50,12885.02,12920.08,12821.08,12866.68,278989570
2017-08-04,NIFTY50,12841.8,13028.14,12771.73,12987.41,410599053
2017-08-07,NIFTY50,12970.65,13040.82,12886.68,12933.22,453471623
2017-08-08,NIFTY50,12932.31,13055.72,12885.48,13045.52,163724193
2017-08-09,NIFTY50,13053.31,13101.29,13024.3,13060.38,175295689
2017-08-10,NIFTY50,13083.29,13121.13,12911.47,12971.29,361252452
2017-08-11,NIFTY50,12984.86,13039.14,12962.67,12970.28,222051553
2017-08-14,NIFTY50,12991.55,13002.93,12944.91,12996.39,450810952
2017-08-15,NIFTY50,13007.26,13125.87,12962.15,13063.99,224350894
2017-08-16,NIFTY50,13048.59,13111.56,12937.64,12969.45,222216752
2017-08-17,NIFTY50,12956.67,13023.14,12804.68,12837.3,381588834
2017-08-18,NIFTY50,12832.04,12979.64,12789.53,12963.8,493615728
2017-08-21,NIFTY50,12966.65,12986.39,12844.03,12867.7,359698439
2017-08-22,NIFTY50,12849.07,12915.67,12794.2,12803.35,287029118
2017-08-23,NIFTY50,12786.03,12802.48,12730.08,12760.75,342733290
2017-08-24,NIFTY50,12770.17,12774.16,12675.9,12705.56,159450277
2017-08-25,NIFTY50,12704.12,12792.56,12697.4,12746.66,300666672
2017-08-28,NIFTY50,12723.09,12966.37,12647.94,12936.54,493725060
2017-08-29,NIFTY50,12913.64,13192.56,12900.06,13131.61,478051571
2017-08-30,NIFTY50,13139.85,13248.95,13117.3,13185.35,174921079
2017-08-31,NIFTY50,13195.81,13244.52,13051.08,13104.08,364283591
2017-09-01,NIFTY50,13086.12,13400.19,13024.91,13320.52,395673595
2017-09-04,NIFTY50,13304.55,13305.78,13176.74,13232.61,211502106
2017-09-05,NIFTY50,13235.74,13282.03,13190.46,13218.02,301739558
2017-09-06,NIFTY50,13215.62,13467.19,13215.26,13434.63,283952641
2017-09-07,NIFTY50,13411.65,13598.87,13335.45,13574.9,470002071
2017-09-08,NIFTY50,13591.91,13655.27,13535.29,13608.33,361122159
2017-09-11,NIFTY50,13622.34,13710.41,13584.84,13631.79,404197074
2017-09-12,NIFTY50,13630.8,13698.25,13599.51,13677.09,277234651
2017-09-13,NIFTY50,13667.01,13776.21,13624.66,13697.69,157556949
2017-09-14,NIFTY50,13686.03,13727.44,13624.54,13694.66,334343719
2017-09-15,NIFTY50,13693.37,13998.77,13619.89,13969.14,353477748
2017-09-18,NIFTY50,13993.18,14009.15,13907.74,13969.52,276164932
2017-09-19,NIFTY50,13953.13,14065.41,13932.23,14048.32,360384747
2017-09-20,NIFTY50,14071.93,14314.04,14015.92,14256.24,176282271
2017-09-21,NIFTY50,14230.13,14271.31,14113.93,14166.69,440347689
2017-09-22,NIFTY50,14170.91,14242.25,14155.36,14218.81,440026841
2017-09-25,NIFTY50,14223.17,14267.43,14154.96,14262.79,419379724
2017-09-26,NIFTY50,14254.08,14389.92,14187.72,14316.02,410213394
2017-09-27,NIFTY50,14313.73,14372.92,14311.97,14312.99,263704208
2017-09-28,NIFTY50,14305.06,14546.89,14289.0,14472.05,323468368
2017-09-29,NIFTY50,14478.6,14510.39,14206.44,14249.09,303552362
2017-10-02,NIFTY50,14241.4,14292.23,14202.88,14257.96,221777590
2017-10-03,NIFTY50,14275.88,14337.62,14184.76,14253.53,449538971
2017-10-04,NIFTY50,14233.34,14315.25,14118.75,14131.43,168528028
2017-10-05,NIFTY50,14159.44,14231.6,13844.71,13887.8,374588988
2017-10-06,NIFTY50,13891.25,13938.57,13832.54,13865.68,241478071
2017-10-09,NIFTY50,13864.38,14046.76,13826.96,13993.87,360144773
2017-10-10,NIFTY50,13997.09,14065.12,13832.09,13860.71,406372265
2017-10-11,NIFTY50,13886.38,14065.6,13838.4,14048.83,498663849
2017-10-12,NIFTY50,14040.69,14159.31,13999.62,14102.35,404800554
2017-10-13,NIFTY50,14090.31,14143.72,14048.95,14061.17,246974154
2017-10-16,NIFTY50,14056.77,14233.18,14022.63,14181.08,204361134
2017-10-17,NIFTY50,14170.5,14226.03,13959.31,14019.07,403700815
2017-10-18,NIFTY50,14039.42,14070.01,13774.33,13823.01,446534682
2017-10-19,NIFTY50,13796.64,13960.3,13741.84,13899.61,203679006
2017-10-20,NIFTY50,13877.12,13955.12,13680.92,13719.87,202031019
2017-10-23,NIFTY50,13734.41,13741.27,13424.46,13445.63,280008096
2017-10-24,NIFTY50,13439.71,13728.79,13380.23,13709.93,464172075
2017-10-25,NIFTY50,13728.49,13803.95,13673.83,13801.58,346290928
2017-10-26,NIFTY50,13822.06,13899.59,13693.25,13738.46,232716385
2017-10-27,NIFTY50,13720.72,13783.4,13668.76,13734.15,384729605
2017-10-30,NIFTY50,13723.7,13752.28,13601.18,13645.37,210884039
2017-10-31,NIFTY50,13632.26,13657.09,13541.32,13541.33,240191345
2017-11-01,NIFTY50,13514.7,13589.47,13287.05,13362.97,459616284
2017-11-02,NIFTY50,13378.9,13436.56,13314.94,13388.6,452842278
2017-11-03,NIFTY50,13391.85,13423.57,13229.93,13242.91,398323592
2017-11-06,NIFTY50,13220.62,13312.81,13179.64,13263.05,300457641
2017-11-07,NIFTY50,13279.43,13312.33,13192.24,13260.14,248472163
2017-11-08,NIFTY50,13257.77,13495.98,13202.05,13459.41,476374788
2017-11-09,NIFTY50,13435.17,13741.55,13420.18,13697.59,241167454
2017-11-10,NIFTY50,13694.21,13850.78,13686.8,13850.1,175486674
2017-11-13,NIFTY50,13839.66,13906.04,13688.51,13770.97,421730758
2017-11-14,NIFTY50,13747.85,13948.67,13735.8,13886.14,317587950
2017-11-15,NIFTY50,13884.48,13993.23,13814.37,13977.12,378107770
2017-11-16,NIFTY50,13992.11,14063.11,13927.36,14042.14,405853387
2017-11-17,NIFTY50,14025.24,14334.33,14017.33,14271.36,304663720
2017-11-20,NIFTY50,14260.64,14288.28,14154.86,14208.49,180253931
2017-11-21,NIFTY50,14187.02,14227.98,14090.93,14116.24,365805586
2017-11-22,NIFTY50,14100.31,14175.1,14046.76,14165.5,335535974
2017-11-23,NIFTY50,14170.3,14313.1,14149.63,14279.19,186393435
2017-11-24,NIFTY50,14289.95,14303.24,14168.38,14234.21,292464519
2017-11-27,NIFTY50,14240.96,14539.57,14155.77,14458.82,210997785
2017-11-28,NIFTY50,14470.46,14539.18,14254.04,14264.8,311805988
2017-11-29,NIFTY50,14273.06,14302.8,14004.05,14079.39,286560239
2017-11-30,NIFTY50,14092.03,14113.22,13815.6,13818.87,456096955
2017-12-01,NIFTY50,13818.33,13865.31,13643.93,13688.58,354301829
2017-12-04,NIFTY50,13706.73,13781.93,13632.97,13678.48,188357653
2017-12-05,NIFTY50,13695.96,13740.46,13508.88,13545.79,462536433
2017-12-06,NIFTY50,13519.71,13692.55,13456.76,13622.52,293956146
2017-12-07,NIFTY50,13647.97,13876.43,13632.43,13808.57,474088562
2017-12-08,NIFTY50,13796.59,13903.19,13769.93,13869.09,210516226
2017-12-11,NIFTY50,13887.68,14023.24,13814.9,14012.33,285187294
2017-12-12,NIFTY50,13986.09,14173.93,13953.48,14119.56,444625923
2017-12-13,NIFTY50,14105.78,14136.79,14028.92,14080.12,193304049
2017-12-14,NIFTY50,14088.89,14513.26,14018.55,14432.87,501822430
2017-12-15,NIFTY50,14436.22,14605.9,14400.19,14524.13,370157349
2017-12-18,NIFTY50,14530.93,14664.51,14466.91,14618.11,333420106
2017-12-19,NIFTY50,14619.25,14700.32,14598.99,14691.4,374763977
2017-12-20,NIFTY50,14676.63,14731.7,14431.36,14446.87,524491219
2017-12-21,NIFTY50,14454.88,14628.15,14415.09,14596.8,418646204
2017-12-22,NIFTY50,14578.14,14673.2,14548.61,14637.93,241539907
2017-12-25,NIFTY50,14663.31,14742.71,14470.51,14518.43,350771764
2017-12-26,NIFTY50,14526.17,14598.17,14428.66,14456.72,291106380
2017-12-27,NIFTY50,14472.08,14576.85,14450.02,14496.29,403638244
2017-12-28,NIFTY50,14509.42,14594.99,14312.09,14363.43,467107025
2017-12-29,NIFTY50,14335.08,14666.74,14316.6,14580.62,367309288
2018-01-01,NIFTY50,14591.69,14779.07,14543.21,14754.64,502221402
2018-01-02,NIFTY50,14730.69,14771.38,14613.89,14627.59,317430855
2018-01-03,NIFTY50,14611.97,14683.07,14455.09,14463.07,405651546
2018-01-04,NIFTY50,14438.61,14527.47,14396.81,14499.22,422442954
2018-01-05,NIFTY50,14503.64,14582.63,14422.47,14474.16,316652123
2018-01-08,NIFTY50,14467.3,14675.41,14387.28,14607.03,359774305
2018-01-09,NIFTY50,14602.16,14772.69,14525.95,14696.17,288299450
2018-01-10,NIFTY50,14721.37,14821.24,14665.53,14765.08,187456024
2018-01-11,NIFTY50,14767.44,14994.2,14722.93,14980.76,307765119
2018-01-12,NIFTY50,15010.56,15098.02,14793.12,14860.24,454839756
2018-01-15,NIFTY50,14877.27,14890.48,14555.66,14585.08,480552485
2018-01-16,NIFTY50,14579.2,14738.77,14535.3,14731.25,242041789
2018-01-17,NIFTY50,14713.46,14748.36,14585.27,14635.44,459513289
2018-01-18,NIFTY50,14651.65,14880.43,14570.41,14851.61,227360684
2018-01-19,NIFTY50,14843.61,14860.57,14575.61,14605.8,189973732
2018-01-22,NIFTY50,14597.02,14733.42,14526.71,14661.15,236937034
2018-01-23,NIFTY50,14645.52,14887.23,14631.82,14826.27,218152854
2018-01-24,NIFTY50,14852.89,15194.34,14775.47,15110.32,362778474
2018-01-25,NIFTY50,15086.82,15127.56,14969.69,14971.73,286260308
2018-01-26,NIFTY50,14974.51,15072.21,14925.2,15004.66,230852716
2018-01-29,NIFTY50,14997.25,15078.78,14904.42,14951.68,297286009
2018-01-30,NIFTY50,14968.97,15024.47,14896.98,14901.72,159635391
2018-01-31,NIFTY50,14911.44,14993.11,14700.67,14732.51,231533577
2018-02-01,NIFTY50,14741.32,15024.85,14707.64,15004.04,240975260
2018-02-02,NIFTY50,15009.86,15017.79,14929.17,14947.0,410928171
2018-02-05,NIFTY50,14919.48,15002.04,14890.75,14918.04,421033538
2018-02-06,NIFTY50,14908.9,15063.28,14852.97,15031.54,297871731
2018-02-07,NIFTY50,15018.06,15056.58,14994.84,15050.98,362489413
2018-02-08,NIFTY50,15022.65,15135.29,14997.4,15085.06,236688110
2018-02-09,NIFTY50,15063.17,15129.14,14881.04,14927.68,300487285
2018-02-12,NIFTY50,14923.29,14951.26,14712.61,14766.24,433446877
2018-02-13,NIFTY50,14744.89,14862.66,14674.11,14814.54,231478437
2018-02-14,NIFTY50,14815.95,14827.97,14673.02,14761.21,236133561
2018-02-15,NIFTY50,14741.02,14747.01,14602.83,14649.67,229695136
2018-02-16,NIFTY50,14628.9,14795.41,14600.93,14792.8,408658325
2018-02-19,NIFTY50,14807.33,14880.33,14729.95,14786.45,298267929
2018-02-20,NIFTY50,14764.66,14899.11,14677.31,14896.77,315151199
2018-02-21,NIFTY50,14902.51,14923.16,14793.3,14795.62,205750669
2018-02-22,NIFTY50,14795.75,14849.44,14619.33,14682.06,377689502
2018-02-23,NIFTY50,14680.52,14694.95,14473.87,14493.55,416784085
2018-02-26,NIFTY50,14480.2,14636.7,14415.71,14600.51,278003083
2018-02-27,NIFTY50,14625.46,14788.54,14549.37,14701.6,441632530
2018-02-28,NIFTY50,14724.39,14827.06,14655.82,14789.12,375298504
2018-03-01,NIFTY50,14815.1,14865.94,14658.9,14706.2,180245083
2018-03-02,NIFTY50,14725.44,14729.19,14473.52,14560.52,470921777
2018-03-05,NIFTY50,14533.69,14754.55,14466.96,14720.33,195833050
2018-03-06,NIFTY50,14742.96,14811.4,14465.34,14490.2,276806038
2018-03-07,NIFTY50,14464.38,14509.24,14347.52,14359.77,427831867
2018-03-08,NIFTY50,14341.38,14391.76,13991.69,14067.17,533689499
2018-03-09,NIFTY50,14064.41,14079.5,13795.64,13844.68,299283678
2018-03-12,NIFTY50,13834.93,13960.49,13775.87,13906.38,248652619
2018-03-13,NIFTY50,13884.92,14027.03,13854.68,13989.31,456937757
2018-03-14,NIFTY50,14015.9,14067.37,13966.17,13979.59,448559881
2018-03-15,NIFTY50,14002.64,14054.54,13947.23,14007.01,235102030
2018-03-16,NIFTY50,14022.09,14173.75,13996.17,14169.38,434744639
2018-03-19,NIFTY50,14191.97,14347.46,14191.67,14265.25,305231015
2018-03-20,NIFTY50,14265.18,14334.29,13818.85,13869.44,530056434
2018-03-21,NIFTY50,13868.09,13902.22,13679.78,13686.3,173801831
2018-03-22,NIFTY50,13692.86,13738.66,13417.11,13483.88,202332417
2018-03-23,NIFTY50,13475.74,13723.34,13473.11,13711.38,362566213
2018-03-26,NIFTY50,13689.93,13965.33,13676.68,13882.55,340461274
2018-03-27,NIFTY50,13887.83,13953.43,13827.04,13841.77,406044303
2018-03-28,NIFTY50,13816.07,13879.78,13757.54,13784.23,368133906
2018-03-29,NIFTY50,13803.16,13808.54,13755.84,13794.81,217163805
2018-03-30,NIFTY50,13796.3,13839.73,13726.37,13783.92,182668329
2018-04-02,NIFTY50,13791.03,13872.72,13715.2,13755.12,310537233
2018-04-03,NIFTY50,13741.9,13907.42,13690.51,13859.59,236320382
2018-04-04,NIFTY50,13872.29,13913.72,13669.29,13735.88,299482912
2018-04-05,NIFTY50,13708.49,13851.45,13657.05,13849.45,230948493
2018-04-06,NIFTY50,13855.84,13917.42,13852.06,13882.88,345869308
2018-04-09,NIFTY50,13855.75,13872.47,13773.64,13796.96,197957751
2018-04-10,NIFTY50,13787.24,13787.75,13546.15,13602.12,380328959
2018-04-11,NIFTY50,13627.16,13695.19,13432.95,13448.61,368834643
2018-04-12,NIFTY50,13447.23,13450.1,13392.79,13403.71,241215409
2018-04-13,NIFTY50,13405.69,13532.67,13342.63,13505.51,400512341
2018-04-16,NIFTY50,13506.65,13604.18,13451.69,13558.22,465544351
2018-04-17,NIFTY50,13568.28,13666.87,13495.98,13601.62,350713287
2018-04-18,NIFTY50,13620.16,13813.83,13589.49,13785.78,495982159
2018-04-19,NIFTY50,13779.69,13828.9,13651.6,13722.79,329924321
2018-04-20,NIFTY50,13697.08,13731.09,13645.19,13686.01,285022457
2018-04-23,NIFTY50,13675.21,13823.17,13660.85,13779.76,374942204
2018-04-24,NIFTY50,13802.54,13839.29,13799.72,13801.79,415667831
2018-04-25,NIFTY50,13792.96,13881.36,13720.64,13841.21,325667749
2018-04-26,NIFTY50,13861.8,13974.29,13783.78,13905.7,231559639
2018-04-27,NIFTY50,13899.44,14214.27,13889.78,14140.9,370567142
2018-04-30,NIFTY50,14146.23,14153.62,14088.31,14127.89,176379173
2018-05-01,NIFTY50,14141.76,14165.19,14077.41,14163.28,269240283
2018-05-02,NIFTY50,14150.63,14268.58,14113.18,14241.31,224907055
2018-05-03,NIFTY50,14219.35,14450.08,14171.6,14367.47,223119844
2018-05-04,NIFTY50,14357.04,14369.24,14170.92,14231.06,330758556
2018-05-07,NIFTY50,14220.33,14381.67,14174.2,14305.08,186451878
2018-05-08,NIFTY50,14315.13,14324.22,14037.14,14041.67,448738112
2018-05-09,NIFTY50,14063.65,14116.76,13938.74,13996.7,401827534
2018-05-10,NIFTY50,14014.47,14074.41,13896.81,13952.98,450044406
2018-05-11,NIFTY50,13967.73,14272.21,13959.95,14223.75,479300723
2018-05-14,NIFTY50,14231.97,14297.42,14082.22,14122.09,289455813
2018-05-15,NIFTY50,14108.43,14369.23,14092.91,14337.96,377380955
2018-05-16,NIFTY50,14335.28,14416.4,14294.4,14413.78,356586534
2018-05-17,NIFTY50,14401.22,14544.71,14351.57,14514.36,452198967
2018-05-18,NIFTY50,14531.58,14670.6,14474.96,14641.98,339649199
2018-05-21,NIFTY50,14636.91,14691.43,14474.06,14521.81,442538109
2018-05-22,NIFTY50,14540.04,14591.6,14357.44,14425.32,409224773
2018-05-23,NIFTY50,14436.52,14451.51,14294.26,14351.92,432184085
2018-05-24,NIFTY50,14341.89,14350.3,14086.87,14124.61,365326028
2018-05-25,NIFTY50,14102.5,14236.68,14037.23,14167.48,364153358
2018-05-28,NIFTY50,14142.63,14161.09,14038.86,14050.57,162484860
2018-05-29,NIFTY50,14047.93,14072.5,13952.28,14004.0,402995539
2018-05-30,NIFTY50,13993.73,14041.61,13833.84,13910.06,334533862
2018-05-31,NIFTY50,13922.18,14043.24,13839.46,13966.55,160627866
2018-06-01,NIFTY50,13985.97,14057.51,13836.34,13841.52,484488732
2018-06-04,NIFTY50,13844.85,13962.85,13835.73,13881.34,310183553
2018-06-05,NIFTY50,13892.57,13927.01,13866.05,13894.15,358788134
2018-06-06,NIFTY50,13878.1,13892.54,13726.21,13737.67,498664579
2018-06-07,NIFTY50,13756.35,13917.21,13674.02,13904.34,243779642
2018-06-08,NIFTY50,13877.4,14210.09,13836.88,14148.85,452081224
2018-06-11,NIFTY50,14128.32,14243.67,14055.41,14175.12,385576239
2018-06-12,NIFTY50,14170.82,14240.55,14023.44,14055.89,294004927
2018-06-13,NIFTY50,14060.27,14131.71,13848.53,13868.23,475352873
2018-06-14,NIFTY50,13872.46,14068.4,13869.31,14065.58,467718325
2018-06-15,NIFTY50,14064.54,14215.23,14052.55,14156.58,460602970
2018-06-18,NIFTY50,14172.37,14226.87,14165.72,14187.29,201769002
2018-06-19,NIFTY50,14196.59,14253.55,13982.05,14039.68,485207294
2018-06-20,NIFTY50,14014.56,14043.45,13946.26,14011.71,409722672
2018-06-21,NIFTY50,14015.86,14185.15,13986.18,14156.99,340123302
2018-06-22,NIFTY50,14180.93,14434.63,14119.08,14370.01,333434707
2018-06-25,NIFTY50,14350.99,14355.43,13975.03,14058.57,200341027
2018-06-26,NIFTY50,14058.89,14321.03,14035.45,14248.24,250993318
2018-06-27,NIFTY50,14234.39,14297.71,14182.06,14233.62,233511864
2018-06-28,NIFTY50,14215.14,14281.89,14135.59,14155.65,260606318
2018-06-29,NIFTY50,14146.75,14227.46,14134.44,14220.26,243382309
2018-07-02,NIFTY50,14215.31,14260.76,14158.96,14228.05,241123950
2018-07-03,NIFTY50,14219.23,14274.03,14146.64,14211.06,214809424
2018-07-04,NIFTY50,14209.71,14250.31,13818.99,13898.06,531899756
2018-07-05,NIFTY50,13891.95,13913.84,13769.01,13812.97,406869757
2018-07-06,NIFTY50,13810.14,14227.51,13730.45,14169.82,216462152
2018-07-09,NIFTY50,14161.54,14233.27,13840.37,13891.25,354606095
2018-07-10,NIFTY50,13868.93,13931.07,13836.38,13876.59,282767610
2018-07-11,NIFTY50,13859.65,13887.71,13737.78,13794.92,261105575
2018-07-12,NIFTY50,13767.79,14006.06,13733.82,14000.35,496333782
2018-07-13,NIFTY50,13984.64,14008.41,13723.87,13739.79,193009201
2018-07-16,NIFTY50,13744.96,13940.03,13727.08,13865.66,235116771
2018-07-17,NIFTY50,13885.43,13962.57,13830.74,13951.69,264659541
2018-07-18,NIFTY50,13937.93,13976.98,13858.88,13937.17,397536015
2018-07-19,NIFTY50,13933.1,14010.21,13868.74,13934.68,324205043
2018-07-20,NIFTY50,13922.26,13988.04,13889.8,13982.8,188537767
2018-07-23,NIFTY50,13964.79,14078.99,13882.73,14073.13,274381890
2018-07-24,NIFTY50,14072.68,14149.41,14007.77,14137.2,279413502
2018-07-25,NIFTY50,14133.9,14269.88,14130.94,14247.74,202486699
2018-07-26,NIFTY50,14244.66,14330.29,14231.94,14253.62,151086233
2018-07-27,NIFTY50,14240.3,14300.12,14156.97,14234.23,154055520
2018-07-30,NIFTY50,14233.7,14423.01,14161.62,14385.37,207557136
2018-07-31,NIFTY50,14411.5,14614.87,14369.82,14543.49,485466341
2018-08-01,NIFTY50,14554.07,14589.05,14462.95,14518.02,202155500
2018-08-02,NIFTY50,14508.74,14716.8,14442.54,14642.9,331962033
2018-08-03,NIFTY50,14615.92,14741.06,14599.17,14707.16,375210197
2018-08-06,NIFTY50,14698.88,14706.37,14613.55,14669.25,258207227
2018-08-07,NIFTY50,14682.14,14825.13,14639.04,14772.57,196766912
2018-08-08,NIFTY50,14772.56,14858.08,14648.15,14719.84,164483291
2018-08-09,NIFTY50,14736.79,15067.32,14726.34,15063.45,531419732
2018-08-10,NIFTY50,15086.0,15099.48,14940.06,14992.17,197599980
2018-08-13,NIFTY50,15001.4,15272.39,14918.77,15229.33,202207197
2018-08-14,NIFTY50,15199.74,15257.44,15009.66,15091.57,220526079
2018-08-15,NIFTY50,15097.07,15258.72,15087.44,15184.22,442494597
2018-08-16,NIFTY50,15157.68,15176.11,15050.64,15081.17,390653448
2018-08-17,NIFTY50,15085.75,15313.12,15010.04,15300.52,302944601
2018-08-20,NIFTY50,15290.45,15301.53,15205.63,15218.52,392865999
2018-08-21,NIFTY50,15198.13,15220.35,14986.03,15038.55,247810274
2018-08-22,NIFTY50,15045.31,15292.43,15043.9,15221.4,461466699
2018-08-23,NIFTY50,15247.35,15618.29,15193.03,15552.34,368058233
2018-08-24,NIFTY50,15569.3,15693.31,15550.04,15628.39,309912116
2018-08-27,NIFTY50,15655.77,15713.13,15488.07,15491.57,268229269
2018-08-28,NIFTY50,15466.04,15542.73,15379.23,15407.07,395278210
2018-08-29,NIFTY50,15383.5,15506.48,15374.67,15457.3,355518950
2018-08-30,NIFTY50,15457.77,15587.08,15399.67,15543.78,276370352
2018-08-31,NIFTY50,15562.22,15697.05,15471.78,15632.78,427870232
2018-09-03,NIFTY50,15659.21,15739.17,15624.99,15734.07,279532135
2018-09-04,NIFTY50,15753.27,15824.96,15639.6,15643.67,188398971
2018-09-05,NIFTY50,15661.53,15722.71,15650.62,15677.08,282227933
2018-09-06,NIFTY50,15666.17,15684.85,15520.34,15583.62,344216464
2018-09-07,NIFTY50,15566.66,15808.51,15528.12,15786.05,290779638
2018-09-10,NIFTY50,15784.22,15877.64,15699.89,15831.63,234391795
2018-09-11,NIFTY50,15811.24,15846.67,15592.38,15635.32,285759777
2018-09-12,NIFTY50,15616.7,15795.02,15551.84,15782.97,199214620
2018-09-13,NIFTY50,15780.8,16013.27,15708.81,15973.19,300336623
2018-09-14,NIFTY50,15991.69,16052.91,15862.69,15921.11,249099082
2018-09-17,NIFTY50,15903.9,15943.18,15729.16,15778.55,290037198
2018-09-18,NIFTY50,15764.62,15934.98,15694.98,15865.48,297981277
2018-09-19,NIFTY50,15847.87,15936.06,15553.24,15642.05,174234669
2018-09-20,NIFTY50,15672.79,15907.59,15625.37,15837.89,425939229
2018-09-21,NIFTY50,15856.77,15934.91,15634.63,15677.19,307445069
2018-09-24,NIFTY50,15689.3,15728.95,15668.78,15690.67,345361996
2018-09-25,NIFTY50,15664.98,15710.08,15529.75,15558.2,430056671
2018-09-26,NIFTY50,15528.6,15606.28,15456.69,15563.81,368950909
2018-09-27,NIFTY50,15571.7,15825.24,15571.58,15758.69,211490560
2018-09-28,NIFTY50,15760.64,15788.68,15619.65,15690.53,460300908
2018-10-01,NIFTY50,15702.12,15797.88,15670.49,15739.29,185002798
2018-10-02,NIFTY50,15730.73,15896.79,15694.58,15891.87,438595539
2018-10-03,NIFTY50,15871.23,15924.44,15794.51,15800.86,274788706
2018-10-04,NIFTY50,15803.36,15864.91,15586.85,15656.12,286689926
2018-10-05,NIFTY50,15644.88,15755.25,15597.61,15670.82,380598416
2018-10-08,NIFTY50,15661.12,15944.09,15611.63,15897.71,247135332
2018-10-09,NIFTY50,15918.4,16004.31,15680.39,15723.03,385844677
2018-10-10,NIFTY50,15742.45,15913.43,15736.26,15824.1,421261689
2018-10-11,NIFTY50,15803.77,15894.63,15567.33,15574.52,276067126
2018-10-12,NIFTY50,15574.3,15656.06,15455.6,15504.04,169521962
2018-10-15,NIFTY50,15506.61,15750.01,15474.35,15737.54,446776379
2018-10-16,NIFTY50,15717.97,15862.27,15642.33,15860.18,462397262
2018-10-17,NIFTY50,15850.2,15911.64,15716.48,15747.31,465560499
2018-10-18,NIFTY50,15734.97,15747.43,15597.55,15671.78,253818573
2018-10-19,NIFTY50,15663.75,15720.85,15584.28,15693.72,232853637
2018-10-22,NIFTY50,15672.77,15759.67,15427.68,15493.86,341745820
2018-10-23,NIFTY50,15506.75,15708.39,15432.84,15623.58,256380020
2018-10-24,NIFTY50,15612.12,15885.82,15587.73,15873.77,288933396
2018-10-25,NIFTY50,15884.28,15977.49,15795.46,15809.49,406570919
2018-10-26,NIFTY50,15796.95,15991.48,15758.6,15903.65,443025549
2018-10-29,NIFTY50,15930.87,16029.6,15838.14,16014.6,474128594
2018-10-30,NIFTY50,16027.76,16073.34,15977.45,16005.28,230297646
2018-10-31,NIFTY50,16032.31,16064.89,15988.03,15998.81,408796017
2018-11-01,NIFTY50,16002.07,16080.31,15963.51,16050.64,276998837
2018-11-02,NIFTY50,16022.07,16282.25,15965.98,16219.83,297646480
2018-11-05,NIFTY50,16200.09,16246.88,16117.52,16238.74,199205230
2018-11-06,NIFTY50,16238.12,16296.89,16169.38,16219.16,182261322
2018-11-07,NIFTY50,16196.32,16279.29,16147.18,16183.07,357953524
2018-11-08,NIFTY50,16170.65,16213.88,15880.36,15933.99,306710909
2018-11-09,NIFTY50,15965.39,16042.38,15800.43,15827.84,402694358
2018-11-12,NIFTY50,15849.09,15905.95,15718.73,15732.28,331680882
2018-11-13,NIFTY50,15762.91,15868.48,15672.11,15862.19,380785027
2018-11-14,NIFTY50,15888.48,15928.0,15537.72,15589.71,261906630
2018-11-15,NIFTY50,15576.58,15774.51,15499.68,15728.21,339861813
2018-11-16,NIFTY50,15731.94,15775.69,15702.9,15705.43,153505312
2018-11-19,NIFTY50,15714.26,15774.28,15611.39,15623.03,320426096
2018-11-20,NIFTY50,15634.77,15657.73,15423.0,15434.05,334975975
2018-11-21,NIFTY50,15440.16,15646.29,15395.64,15612.41,428500093
2018-11-22,NIFTY50,15610.91,15675.94,15553.6,15564.77,438134055
2018-11-23,NIFTY50,15549.79,15742.36,15536.16,15687.62,428897058
2018-11-26,NIFTY50,15666.49,15770.46,15627.05,15744.7,353530784
2018-11-27,NIFTY50,15753.45,15760.72,15638.42,15656.62,262275158
2018-11-28,NIFTY50,15635.78,15666.04,15545.48,15575.03,327877799
2018-11-29,NIFTY50,15566.47,15616.38,15472.59,15505.3,237326982
2018-11-30,NIFTY50,15497.43,15542.52,15049.81,15080.6,302585810
2018-12-03,NIFTY50,15063.78,15277.26,14982.7,15260.0,483624323
2018-12-04,NIFTY50,15272.35,15345.89,15209.15,15247.33,192603881
2018-12-05,NIFTY50,15217.89,15490.37,15154.8,15458.07,255680290
2018-12-06,NIFTY50,15464.11,15608.04,15432.37,15536.86,329558317
2018-12-07,NIFTY50,15519.6,15779.76,15506.35,15699.05,299998679
2018-12-10,NIFTY50,15729.26,15803.48,15657.25,15763.3,218574457
2018-12-11,NIFTY50,15779.53,15826.74,15769.32,15822.7,441711638
2018-12-12,NIFTY50,15848.56,15852.67,15650.71,15679.08,169630384
2018-12-13,NIFTY50,15705.43,15728.08,15620.51,15708.72,253914381
2018-12-14,NIFTY50,15686.45,15917.9,15660.34,15846.95,366375054
2018-12-17,NIFTY50,15864.75,16046.33,15816.69,15987.53,203249668
2018-12-18,NIFTY50,15956.45,15977.23,15688.68,15706.73,354244554
2018-12-19,NIFTY50,15675.59,15789.28,15588.66,15720.86,424474430
2018-12-20,NIFTY50,15733.32,15750.8,15581.04,15644.26,217736287
2018-12-21,NIFTY50,15636.73,15656.83,15461.94,15483.08,232279243
2018-12-24,NIFTY50,15480.97,15529.25,15401.41,15447.37,351878304
2018-12-25,NIFTY50,15418.98,15449.34,15328.73,15339.38,323393892
2018-12-26,NIFTY50,15350.85,15428.32,15309.68,15330.46,370801896
2018-12-27,NIFTY50,15311.37,15484.57,15234.1,15478.11,444419620
2018-12-28,NIFTY50,15447.94,15512.49,15385.65,15450.0,369387587
2018-12-31,NIFTY50,15424.35,15437.62,15317.55,15354.46,217264865
2019-01-01,NIFTY50,15334.11,15483.11,15315.79,15449.39,273437590
2019-01-02,NIFTY50,15426.08,15684.13,15358.96,15605.65,329824419
2019-01-03,NIFTY50,15611.5,15694.45,15536.47,15623.55,369059830
2019-01-04,NIFTY50,15651.69,15744.42,15476.32,15523.95,243727782
2019-01-07,NIFTY50,15508.47,15660.93,15450.0,15614.34,235208651
2019-01-08,NIFTY50,15634.97,15681.7,15588.74,15591.24,249792852
2019-01-09,NIFTY50,15569.58,15627.68,15500.95,15509.91,201047110
2019-01-10,NIFTY50,15509.43,15552.79,15356.79,15383.89,451215471
2019-01-11,NIFTY50,15374.26,15457.35,15323.84,15378.03,167599883
2019-01-14,NIFTY50,15354.6,15441.1,15276.03,15399.51,393009408
2019-01-15,NIFTY50,15403.0,15665.42,15374.99,15584.97,266802054
2019-01-16,NIFTY50,15598.42,15755.05,15588.18,15709.11,446290347
2019-01-17,NIFTY50,15713.65,15758.52,15582.16,15662.45,434559556
2019-01-18,NIFTY50,15668.15,15703.67,15575.97,15639.45,307151323
2019-01-21,NIFTY50,15610.99,15946.81,15578.32,15867.13,188381323
2019-01-22,NIFTY50,15859.55,15900.29,15702.35,15796.37,387705952
2019-01-23,NIFTY50,15780.42,15841.78,15632.82,15688.59,197798344
2019-01-24,NIFTY50,15667.87,15805.98,15664.36,15755.09,392783860
2019-01-25,NIFTY50,15740.38,15958.14,15684.85,15891.78,347684899
2019-01-28,NIFTY50,15896.39,15973.49,15726.91,15736.36,286027674
2019-01-29,NIFTY50,15753.03,15785.13,15465.41,15522.67,391920583
2019-01-30,NIFTY50,15531.08,15631.45,15524.06,15540.62,442735978
2019-01-31,NIFTY50,15528.03,15581.46,15448.03,15522.97,201634148
2019-02-01,NIFTY50,15528.68,15554.15,15371.63,15424.05,462839780
2019-02-04,NIFTY50,15442.29,15536.22,15414.33,15475.72,321431589
2019-02-05,NIFTY50,15457.16,15494.47,15241.04,15298.41,438391847
2019-02-06,NIFTY50,15321.71,15379.43,15134.33,15181.35,269287758
2019-02-07,NIFTY50,15209.41,15290.87,15166.77,15223.08,447986272
2019-02-08,NIFTY50,15247.85,15372.33,15181.38,15286.6,189749859
2019-02-11,NIFTY50,15265.07,15278.85,15122.15,15184.59,331978314
2019-02-12,NIFTY50,15206.46,15289.6,15062.93,15120.44,387116902
2019-02-13,NIFTY50,15099.91,15162.14,15052.04,15073.39,286685693
2019-02-14,NIFTY50,15058.05,15262.16,15016.12,15186.78,413043997
2019-02-15,NIFTY50,15168.68,15375.91,15166.03,15350.79,331432607
2019-02-18,NIFTY50,15372.44,15506.62,15327.63,15417.47,167667534
2019-02-19,NIFTY50,15405.99,15732.97,15400.11,15704.89,437209649
2019-02-20,NIFTY50,15729.12,15766.57,15600.04,15679.05,229172538
2019-02-21,NIFTY50,15679.06,15690.41,15396.14,15457.75,492970316
2019-02-22,NIFTY50,15441.55,15658.68,15366.81,15647.2,366835360
2019-02-25,NIFTY50,15666.34,15736.27,15559.2,15647.03,267071933
2019-02-26,NIFTY50,15676.44,15828.23,15652.52,15786.61,196083946
2019-02-27,NIFTY50,15814.94,15844.97,15627.51,15667.34,303580018
2019-02-28,NIFTY50,15694.73,15738.16,15627.34,15703.96,322820372
2019-03-01,NIFTY50,15710.61,16197.91,15648.18,16116.54,226472449
2019-03-04,NIFTY50,16099.76,16209.17,16069.89,16155.59,353160804
2019-03-05,NIFTY50,16157.85,16180.76,16092.62,16135.45,156145873
2019-03-06,NIFTY50,16166.3,16191.09,16081.85,16090.57,284100648
2019-03-07,NIFTY50,16068.7,16291.66,16038.12,16248.87,404342473
2019-03-08,NIFTY50,16221.58,16316.16,16173.73,16240.21,373688786
2019-03-11,NIFTY50,16235.17,16324.64,16207.81,16217.58,239374029
2019-03-12,NIFTY50,16207.97,16266.52,16015.91,16094.46,350138300
2019-03-13,NIFTY50,16065.62,16353.93,16004.88,16291.21,250333496
2019-03-14,NIFTY50,16278.54,16517.84,16267.72,16460.97,313599116
2019-03-15,NIFTY50,16482.74,16721.13,16398.98,16644.92,411665025
2019-03-18,NIFTY50,16643.48,16716.89,16580.9,16606.88,333315866
2019-03-19,NIFTY50,16601.2,16665.97,16513.9,16647.8,277187385
2019-03-20,NIFTY50,16651.7,17153.81,16628.85,17091.05,250425153
2019-03-21,NIFTY50,17104.81,17127.94,17063.65,17110.62,384618513
2019-03-22,NIFTY50,17141.96,17233.02,17083.62,17215.45,167232573
2019-03-25,NIFTY50,17244.37,17291.32,17032.0,17101.12,227813183
2019-03-26,NIFTY50,17131.63,17274.2,17104.27,17190.3,436961947
2019-03-27,NIFTY50,17170.12,17192.33,16908.25,16992.27,280654671
2019-03-28,NIFTY50,16968.21,16997.75,16794.62,16821.04,431629088
2019-03-29,NIFTY50,16833.44,16879.72,16779.45,16780.49,226854787
2019-04-01,NIFTY50,16773.61,16892.07,16735.01,16870.59,397508776
2019-04-02,NIFTY50,16843.27,16879.22,16809.64,16873.27,276519007
2019-04-03,NIFTY50,16880.45,16948.39,16680.3,16760.98,186042884
2019-04-04,NIFTY50,16752.99,16851.25,16188.36,16253.82,287864000
2019-04-05,NIFTY50,16259.05,16284.45,16175.47,16224.51,338082235
2019-04-08,NIFTY50,16212.66,16336.79,16198.86,16284.96,220655413
2019-04-09,NIFTY50,16284.91,16622.38,16257.46,16525.86,394417622
2019-04-10,NIFTY50,16550.78,16611.65,16445.18,16520.67,292519296
2019-04-11,NIFTY50,16498.54,16571.48,16314.07,16362.3,253373864
2019-04-12,NIFTY50,16371.25,16562.37,16352.69,16518.76,196439800
2019-04-15,NIFTY50,16502.92,16859.61,16459.7,16788.49,483582767
2019-04-16,NIFTY50,16802.53,16851.45,16496.8,16545.74,262667536
2019-04-17,NIFTY50,16570.11,16838.84,16553.38,16820.61,493416929
2019-04-18,NIFTY50,16831.58,16853.03,16635.87,16736.08,159863636
2019-04-19,NIFTY50,16730.49,16738.2,16504.5,16580.93,219229496
2019-04-22,NIFTY50,16592.95,16732.43,16553.71,16664.37,217360589
2019-04-23,NIFTY50,16636.45,16808.92,16570.61,16725.56,408226926
2019-04-24,NIFTY50,16736.13,16769.21,16710.14,16714.54,395848382
2019-04-25,NIFTY50,16730.2,16826.31,16637.5,16694.51,266633333
2019-04-26,NIFTY50,16680.02,16809.52,16605.58,16729.4,453025543
2019-04-29,NIFTY50,16722.63,16740.49,16603.55,16700.25,370511634
2019-04-30,NIFTY50,16677.74,16996.06,16649.23,16916.94,262949391
2019-05-01,NIFTY50,16912.36,16994.18,16563.67,16594.54,262502723
2019-05-02,NIFTY50,16585.74,16807.88,16541.42,16787.74,400075171
2019-05-03,NIFTY50,16782.58,16858.75,16535.28,16616.14,275609390
2019-05-06,NIFTY50,16585.59,16619.6,16395.6,16441.33,298828325
2019-05-07,NIFTY50,16469.65,16521.75,16352.0,16415.75,198116186
2019-05-08,NIFTY50,16442.49,16489.6,16182.3,16196.74,247771446
2019-05-09,NIFTY50,16180.46,16221.98,16107.15,16162.29,455296249
2019-05-10,NIFTY50,16136.92,16545.86,16127.77,16503.79,346469395
2019-05-13,NIFTY50,16521.52,16523.13,16245.02,16317.52,443482186
2019-05-14,NIFTY50,16310.54,16451.78,16224.73,16443.57,333728753
2019-05-15,NIFTY50,16460.49,16504.93,16332.88,16412.43,339562226
2019-05-16,NIFTY50,16391.9,16466.1,16318.43,16447.84,295459067
2019-05-17,NIFTY50,16450.1,16520.12,16438.58,16519.54,252758246
2019-05-20,NIFTY50,16513.27,16578.44,16314.13,16387.31,444230650
2019-05-21,NIFTY50,16394.96,16555.98,16300.22,16487.66,384233277
2019-05-22,NIFTY50,16463.59,16602.07,16382.99,16583.08,265580887
2019-05-23,NIFTY50,16592.94,16677.32,16549.56,16612.55,446953191
2019-05-24,NIFTY50,16610.12,16657.36,16527.54,16529.7,251105462
2019-05-27,NIFTY50,16526.08,16580.24,16524.14,16532.13,391906631
2019-05-28,NIFTY50,16536.72,16671.5,16531.67,16588.5,159486723
2019-05-29,NIFTY50,16583.98,16831.41,16534.65,16789.54,501832663
2019-05-30,NIFTY50,16782.8,16855.7,16709.83,16803.94,415474673
2019-05-31,NIFTY50,16771.61,17123.83,16715.94,17064.81,339410889
2019-06-03,NIFTY50,17062.99,17113.65,16909.74,17005.55,347843181
2019-06-04,NIFTY50,16982.51,17056.51,16777.4,16824.77,426157922
2019-06-05,NIFTY50,16852.3,16918.39,16791.42,16884.03,415648701
2019-06-06,NIFTY50,16898.31,16995.62,16720.57,16804.57,359573013
2019-06-07,NIFTY50,16827.73,16908.15,16799.21,16845.3,201031244
2019-06-10,NIFTY50,16825.05,17013.67,16814.87,16952.05,396988920
2019-06-11,NIFTY50,16934.07,16990.64,16803.23,16904.58,352217671
2019-06-12,NIFTY50,16881.49,16965.36,16771.31,16861.8,171393924
2019-06-13,NIFTY50,16835.76,16858.66,16757.72,16814.42,422668512
2019-06-14,NIFTY50,16804.68,16809.39,16592.76,16680.6,316974099
2019-06-17,NIFTY50,16705.54,16793.63,16695.1,16732.97,182628494
2019-06-18,NIFTY50,16730.1,16814.58,16672.01,16683.11,213012790
2019-06-19,NIFTY50,16707.03,16717.24,16548.71,16604.75,442196419
2019-06-20,NIFTY50,16629.38,16720.28,16367.61,16383.05,347800092
2019-06-21,NIFTY50,16382.94,16485.79,16367.77,16400.13,348880167
2019-06-24,NIFTY50,16423.0,16600.56,16382.03,16556.94,168216699
2019-06-25,NIFTY50,16546.43,16710.62,16537.97,16660.14,371763230
2019-06-26,NIFTY50,16668.76,16693.31,16481.27,16556.09,461480739
2019-06-27,NIFTY50,16576.07,16632.94,16535.37,16591.79,404835232
2019-06-28,NIFTY50,16603.88,16697.9,16506.03,16549.98,159254907
2019-07-01,NIFTY50,16521.49,16555.02,16390.52,16430.11,255475515
2019-07-02,NIFTY50,16399.69,16490.46,16264.78,16279.52,197629006
2019-07-03,NIFTY50,16299.0,16405.17,16203.88,16319.41,384304085
2019-07-04,NIFTY50,16322.91,16352.72,16166.32,16238.68,351329699
2019-07-05,NIFTY50,16240.48,16330.17,16088.81,16156.69,409213257
2019-07-08,NIFTY50,16164.73,16333.89,16121.85,16273.53,359605726
2019-07-09,NIFTY50,16267.31,16315.01,16237.88,16295.72,172164396
2019-07-10,NIFTY50,16309.99,16396.09,16119.63,16170.13,474271296
2019-07-11,NIFTY50,16173.48,16432.11,16100.01,16380.87,266661072
2019-07-12,NIFTY50,16383.49,16743.29,16301.68,16717.35,377505887
2019-07-15,NIFTY50,16691.3,16857.46,16653.94,16851.4,456337218
2019-07-16,NIFTY50,16861.57,17092.03,16831.43,17079.25,173459443
2019-07-17,NIFTY50,17100.11,17392.51,17042.08,17289.91,490123109
2019-07-18,NIFTY50,17276.03,17376.63,17191.54,17307.37,227420441
2019-07-19,NIFTY50,17289.9,17323.91,17121.29,17181.33,369003104
2019-07-22,NIFTY50,17176.22,17355.95,17166.72,17313.14,407117122
2019-07-23,NIFTY50,17309.41,17347.77,17187.41,17241.85,446255931
2019-07-24,NIFTY50,17247.66,17396.13,17144.54,17329.95,433914609
2019-07-25,NIFTY50,17306.58,17359.1,17174.85,17224.95,419709290
2019-07-26,NIFTY50,17249.98,17262.2,17117.56,17139.43,424196571
2019-07-29,NIFTY50,17143.47,17478.65,17131.26,17382.52,421766062
2019-07-30,NIFTY50,17367.89,17422.37,17141.54,17153.66,355008935
2019-07-31,NIFTY50,17152.69,17235.62,17138.06,17154.19,376545437
2019-08-01,NIFTY50,17180.88,17499.98,17096.44,17477.38,490119758
2019-08-02,NIFTY50,17447.14,17451.82,16878.82,16927.69,415740396
2019-08-05,NIFTY50,16946.74,17123.03,16873.53,17074.35,240474631
2019-08-06,NIFTY50,17071.68,17117.77,16916.77,16962.48,345867149
2019-08-07,NIFTY50,16970.86,17010.29,16628.99,16719.3,379594443
2019-08-08,NIFTY50,16745.38,16971.42,16680.49,16896.81,264279787
2019-08-09,NIFTY50,16916.83,16988.63,16727.74,16784.24,230875550
2019-08-12,NIFTY50,16814.8,16975.5,16738.36,16920.49,465031419
2019-08-13,NIFTY50,16947.36,16959.59,16544.79,16638.25,287617163
2019-08-14,NIFTY50,16618.67,16721.73,16535.02,16638.9,388645534
2019-08-15,NIFTY50,16626.94,16685.69,16254.81,16302.88,195303203
2019-08-16,NIFTY50,16271.85,16458.4,16234.55,16406.43,211499886
2019-08-19,NIFTY50,16384.65,16691.46,16359.53,16677.05,230798169
2019-08-20,NIFTY50,16688.96,16983.16,16592.72,16977.16,291943489
2019-08-21,NIFTY50,16969.69,17422.36,16927.65,17388.97,402670661
2019-08-22,NIFTY50,17416.76,17656.12,17391.72,17650.63,318641177
2019-08-23,NIFTY50,17642.51,17673.76,17636.1,17661.57,402026110
2019-08-26,NIFTY50,17628.29,17904.69,17531.64,17836.89,175880274
2019-08-27,NIFTY50,17849.38,18139.02,17789.97,18112.25,250980056
2019-08-28,NIFTY50,18082.1,18151.08,17877.5,17899.35,253049056
2019-08-29,NIFTY50,17919.54,18203.62,17873.98,18145.1,509559608
2019-08-30,NIFTY50,18142.53,18461.99,18111.05,18370.57,269667948
2019-09-02,NIFTY50,18369.26,19065.53,18276.74,18997.38,474910700
2019-09-03,NIFTY50,18975.55,19105.67,18943.52,19009.78,238205140
2019-09-04,NIFTY50,18994.62,19039.68,18874.88,18888.82,239289593
2019-09-05,NIFTY50,18917.4,19065.29,18860.1,19041.2,346775350
2019-09-06,NIFTY50,19051.5,19246.86,18970.6,19134.39,311087495
2019-09-09,NIFTY50,19122.27,19499.39,19053.49,19445.74,184316621
2019-09-10,NIFTY50,19478.58,19578.02,19478.08,19506.76,160011033
2019-09-11,NIFTY50,19537.6,19620.05,19285.85,19374.49,468669543
2019-09-12,NIFTY50,19386.21,19741.63,19282.39,19678.03,449947817
2019-09-13,NIFTY50,19702.65,19800.47,19544.37,19586.44,256535750
2019-09-16,NIFTY50,19624.34,19651.72,19580.72,19637.02,260160588
2019-09-17,NIFTY50,19599.3,19721.34,19490.95,19688.13,351008558
2019-09-18,NIFTY50,19698.0,19930.76,19671.86,19834.55,445983326
2019-09-19,NIFTY50,19833.99,19974.8,19761.87,19890.78,158191348
2019-09-20,NIFTY50,19882.51,20151.77,19814.62,20047.14,447860000
2019-09-23,NIFTY50,20066.29,20261.49,19993.69,20180.11,260436364
2019-09-24,NIFTY50,20145.0,20531.23,20076.11,20499.3,315471628
2019-09-25,NIFTY50,20480.79,20599.8,20477.95,20495.56,436915250
2019-09-26,NIFTY50,20526.97,20527.21,20371.37,20423.71,184078364
2019-09-27,NIFTY50,20451.84,20501.77,20369.73,20384.61,436456047
2019-09-30,NIFTY50,20405.73,20513.94,20212.4,20239.67,320489374
2019-10-01,NIFTY50,20224.79,20272.35,20130.57,20171.08,169166553
2019-10-02,NIFTY50,20186.37,20302.38,20073.19,20184.24,257366369
2019-10-03,NIFTY50,20194.42,20206.14,19999.74,20057.5,173126616
2019-10-04,NIFTY50,20044.2,20074.32,19916.91,19929.8,295664565
2019-10-07,NIFTY50,19955.45,20028.24,19927.1,19965.99,192577753
2019-10-08,NIFTY50,19987.08,20062.07,19807.14,19876.19,204733144
2019-10-09,NIFTY50,19866.44,20028.68,19783.79,19922.29,223537363
2019-10-10,NIFTY50,19886.81,20149.09,19835.28,20075.52,220410722
2019-10-11,NIFTY50,20059.05,20104.96,19916.35,19927.81,397988122
2019-10-14,NIFTY50,19940.54,19941.81,19629.57,19674.89,428045261
2019-10-15,NIFTY50,19662.27,19772.88,19522.38,19614.52,405863555
2019-10-16,NIFTY50,19583.77,19585.21,19357.92,19441.13,276395129
2019-10-17,NIFTY50,19441.82,19549.67,19385.66,19508.07,402090099
2019-10-18,NIFTY50,19472.49,19752.47,19404.2,19737.35,475489674
2019-10-21,NIFTY50,19722.44,19852.6,19630.68,19747.71,230342233
2019-10-22,NIFTY50,19731.2,19846.07,19512.05,19572.84,247788707
2019-10-23,NIFTY50,19599.08,19700.06,19088.99,19137.45,311611894
2019-10-24,NIFTY50,19114.58,19128.75,19092.86,19120.9,408908633
2019-10-25,NIFTY50,19128.53,19321.84,19062.15,19283.53,358291042
2019-10-28,NIFTY50,19257.48,19309.97,19044.32,19134.92,185956822
2019-10-29,NIFTY50,19145.54,19412.57,19091.95,19332.16,291684738
2019-10-30,NIFTY50,19367.16,19405.68,19225.07,19310.82,263101773
2019-10-31,NIFTY50,19272.71,19434.86,19231.33,19433.71,476295279
2019-11-01,NIFTY50,19409.95,19478.16,19256.8,19345.65,181435808
2019-11-04,NIFTY50,19328.95,19392.72,19298.56,19367.27,246290327
2019-11-05,NIFTY50,19342.37,19344.87,19024.66,19121.36,230270048
2019-11-06,NIFTY50,19112.1,19202.4,18895.09,18907.68,292245780
2019-11-07,NIFTY50,18931.09,19008.39,18824.19,18933.31,388039791
2019-11-08,NIFTY50,18906.38,19131.3,18816.21,19025.81,265263683
2019-11-11,NIFTY50,19011.95,19060.95,18892.48,18964.87,180399917
2019-11-12,NIFTY50,18991.75,19025.28,18843.55,18860.36,298277695
2019-11-13,NIFTY50,18888.49,19088.54,18778.74,18991.51,441210628
2019-11-14,NIFTY50,18989.28,19355.08,18981.89,19278.33,486953583
2019-11-15,NIFTY50,19297.7,19517.02,19237.62,19473.29,270986955
2019-11-18,NIFTY50,19488.44,19572.12,19229.21,19286.47,322273408
2019-11-19,NIFTY50,19308.89,19384.16,19147.9,19171.73,274392148
2019-11-20,NIFTY50,19150.15,19251.81,19106.82,19202.84,238204551
2019-11-21,NIFTY50,19206.72,19222.2,19154.98,19164.64,396373040
2019-11-22,NIFTY50,19129.47,19258.18,19090.86,19199.17,399277485
2019-11-25,NIFTY50,19222.56,19259.12,18975.08,19018.72,269563550
2019-11-26,NIFTY50,18986.45,19107.43,18952.9,19004.64,422488046
2019-11-27,NIFTY50,19026.37,19132.15,18872.76,18883.91,200267367
2019-11-28,NIFTY50,18871.35,18947.79,18618.72,18646.7,334704228
2019-11-29,NIFTY50,18619.68,18715.2,18319.99,18399.06,500234081
2019-12-02,NIFTY50,18384.3,18573.27,18297.91,18482.08,383345905
2019-12-03,NIFTY50,18501.14,18517.29,18428.53,18515.97,234364669
2019-12-04,NIFTY50,18532.51,18560.92,18506.52,18537.58,451896149
2019-12-05,NIFTY50,18534.72,18622.78,18488.57,18523.37,252772120
2019-12-06,NIFTY50,18517.27,18794.97,18422.51,18745.63,186100063
2019-12-09,NIFTY50,18717.77,18823.71,18532.48,18533.56,378920065
2019-12-10,NIFTY50,18547.33,18592.22,18230.31,18315.88,490140743
2019-12-11,NIFTY50,18320.83,18324.37,18078.2,18093.3,367075539
2019-12-12,NIFTY50,18123.25,18219.51,18080.74,18156.99,367204475
2019-12-13,NIFTY50,18159.49,18180.02,17915.79,17927.47,442020073
2019-12-16,NIFTY50,17903.91,17976.41,17862.22,17881.28,422946608
2019-12-17,NIFTY50,17910.7,18075.02,17888.58,18033.26,332318953
2019-12-18,NIFTY50,18001.34,18239.38,17982.78,18182.81,401310420
2019-12-19,NIFTY50,18155.83,18473.43,18074.88,18427.17,407065022
2019-12-20,NIFTY50,18399.9,18493.53,18352.18,18470.73,414466715
2019-12-23,NIFTY50,18456.72,18479.2,18101.01,18179.19,458968577
2019-12-24,NIFTY50,18153.21,18471.49,18109.72,18464.4,326845827
2019-12-25,NIFTY50,18492.41,18692.3,18428.49,18640.83,217916510
2019-12-26,NIFTY50,18637.57,18933.34,18557.99,18854.12,345126826
2019-12-27,NIFTY50,18880.5,19019.11,18860.16,18971.87,405823770
2019-12-30,NIFTY50,18947.84,19236.66,18903.1,19171.25,191670326
2019-12-31,NIFTY50,19153.91,19464.44,19120.36,19391.37,207168903
2020-01-01,NIFTY50,19369.43,19430.51,19254.1,19373.15,450992380
2020-01-02,NIFTY50,19392.94,19451.63,19035.81,19125.26,417534375
2020-01-03,NIFTY50,19125.72,19182.92,19117.32,19129.88,398944289
2020-01-06,NIFTY50,19157.1,19202.69,19130.84,19132.07,211812881
2020-01-07,NIFTY50,19145.11,19292.88,19092.11,19239.29,205207576
2020-01-08,NIFTY50,19273.92,19290.14,19162.85,19257.64,238890470
2020-01-09,NIFTY50,19226.87,19642.77,19165.19,19608.16,425331489
2020-01-10,NIFTY50,19569.83,19601.91,19398.89,19450.32,265296462
2020-01-13,NIFTY50,19463.93,19800.34,19382.57,19774.69,502547428
2020-01-14,NIFTY50,19806.1,19852.52,19709.95,19746.48,180682029
2020-01-15,NIFTY50,19736.79,19960.84,19707.22,19936.71,304853361
2020-01-16,NIFTY50,19899.06,20285.54,19801.1,20283.77,215930975
2020-01-17,NIFTY50,20307.86,20642.75,20287.4,20540.4,270007621
2020-01-20,NIFTY50,20566.33,20606.15,19987.99,20063.45,321846835
2020-01-21,NIFTY50,20057.66,20085.63,20004.23,20016.95,331106869
2020-01-22,NIFTY50,20002.23,20048.94,19680.96,19735.28,211536396
2020-01-23,NIFTY50,19745.06,19750.27,19608.92,19713.65,374768804
2020-01-24,NIFTY50,19751.75,19763.81,19424.01,19486.71,269916648
2020-01-27,NIFTY50,19473.01,19824.75,19427.62,19749.99,251275670
2020-01-28,NIFTY50,19780.32,19818.06,19475.08,19575.09,445046248
2020-01-29,NIFTY50,19607.36,20066.93,19547.24,20013.03,336256339
2020-01-30,NIFTY50,19974.06,19976.61,19868.5,19959.39,222407388
2020-01-31,NIFTY50,19979.93,20054.22,19939.15,19946.32,353369891
2020-02-03,NIFTY50,19936.4,20049.41,19907.93,19972.47,393314725
2020-02-04,NIFTY50,19954.75,20031.81,19364.1,19452.86,541419245
2020-02-05,NIFTY50,19477.19,19564.9,18759.0,18784.81,440438526
2020-02-06,NIFTY50,18751.31,18949.45,18640.11,18845.68,278153962
2020-02-07,NIFTY50,18832.24,18882.22,18093.62,18094.27,578997380
2020-02-10,NIFTY50,18104.0,18453.65,18081.81,18437.99,237114779
2020-02-11,NIFTY50,18459.76,18482.4,16915.34,16967.0,681072147
2020-02-12,NIFTY50,16982.04,17007.0,16551.09,16568.63,350265715
2020-02-13,NIFTY50,16599.63,16619.69,15426.76,15507.0,669960446
2020-02-14,NIFTY50,15500.69,16642.36,15459.64,16625.63,725172105
2020-02-17,NIFTY50,16602.74,16697.75,15805.69,15851.54,519955974
2020-02-18,NIFTY50,15877.31,16371.18,15826.13,16341.74,584985020
2020-02-19,NIFTY50,16339.36,16383.83,16086.62,16122.91,462806069
2020-02-20,NIFTY50,16120.93,16863.63,16102.59,16847.99,227446976
2020-02-21,NIFTY50,16839.51,16880.39,16561.4,16602.83,414533871
2020-02-24,NIFTY50,16602.13,16665.99,16238.16,16295.69,437815061
2020-02-25,NIFTY50,16271.21,16497.64,16255.36,16405.89,410219754
2020-02-26,NIFTY50,16422.4,16456.74,16164.55,16233.62,384172009
2020-02-27,NIFTY50,16261.31,16333.09,15709.94,15732.82,220515434
2020-02-28,NIFTY50,15745.82,15748.49,15326.79,15388.25,279635156
2020-03-02,NIFTY50,15399.39,15422.89,14231.25,14282.86,406671123
2020-03-03,NIFTY50,14291.11,14401.69,14257.01,14322.89,198550313
2020-03-04,NIFTY50,14318.48,14456.54,14296.75,14384.92,325776832
2020-03-05,NIFTY50,14407.17,14457.84,13523.43,13583.24,307900782
2020-03-06,NIFTY50,13599.41,13665.85,12425.12,12445.21,482406830
2020-03-09,NIFTY50,12435.65,12509.3,12091.96,12151.48,186449363
2020-03-10,NIFTY50,12147.49,12184.36,12126.48,12153.96,382141957
2020-03-11,NIFTY50,12163.88,12178.33,11382.87,11395.32,339755481
2020-03-12,NIFTY50,11380.99,11477.78,11368.51,11473.72,270424714
2020-03-13,NIFTY50,11469.53,11966.33,11426.56,11921.49,332534476
2020-03-16,NIFTY50,11903.59,12657.8,11901.47,12652.92,445411729
2020-03-17,NIFTY50,12632.72,12637.34,12173.51,12228.67,205475358
2020-03-18,NIFTY50,12206.26,12221.72,12126.34,12184.23,364465617
2020-03-19,NIFTY50,12196.96,12572.07,12162.33,12502.15,417293134
2020-03-20,NIFTY50,12511.24,12536.99,12082.54,12105.44,367046234
2020-03-23,NIFTY50,12099.55,12103.71,11853.2,11878.57,388644312
2020-03-24,NIFTY50,11896.18,12061.2,11836.55,12032.2,253592919
2020-03-25,NIFTY50,12033.67,12847.16,11979.41,12774.27,458236870
2020-03-26,NIFTY50,12782.39,12818.83,12086.05,12116.09,380169281
2020-03-27,NIFTY50,12137.5,12160.97,10917.81,10959.48,341203618
2020-03-30,NIFTY50,10967.28,10982.65,10787.3,10818.75,218555065
2020-03-31,NIFTY50,10837.86,11274.91,10795.05,11242.79,283861611
2020-04-01,NIFTY50,11229.08,11240.63,11194.04,11230.99,425343661
2020-04-02,NIFTY50,11212.44,11268.43,10667.3,10731.45,578797976
2020-04-03,NIFTY50,10714.96,10757.56,10402.2,10417.26,340806917
2020-04-06,NIFTY50,10425.59,10784.54,10363.45,10777.72,223019796
2020-04-07,NIFTY50,10795.08,11194.02,10780.8,11142.79,385971603
2020-04-08,NIFTY50,11150.39,11391.82,11088.66,11346.52,489834070
2020-04-09,NIFTY50,11363.4,11426.93,11166.56,11218.14,205617361
2020-04-10,NIFTY50,11227.89,11277.48,11088.46,11113.91,420323917
2020-04-13,NIFTY50,11096.83,11172.49,11090.89,11166.61,262918296
2020-04-14,NIFTY50,11160.7,11370.88,11096.82,11312.95,170677118
2020-04-15,NIFTY50,11298.92,11325.23,11053.67,11081.84,416648888
2020-04-16,NIFTY50,11065.28,11280.4,11026.05,11235.65,235984799
2020-04-17,NIFTY50,11233.88,11243.64,10937.29,10999.51,323748584
2020-04-20,NIFTY50,11003.98,11013.61,10762.94,10806.08,198059240
2020-04-21,NIFTY50,10827.28,10835.3,10700.72,10765.11,422199501
2020-04-22,NIFTY50,10756.13,10897.84,10752.33,10835.0,350207803
2020-04-23,NIFTY50,10850.09,10910.92,10772.4,10786.96,186123677
2020-04-24,NIFTY50,10802.36,10877.08,10782.97,10829.81,244819837
2020-04-27,NIFTY50,10822.77,10879.26,10758.46,10835.19,361900088
2020-04-28,NIFTY50,10825.79,10871.02,10589.94,10602.35,539668000
2020-04-29,NIFTY50,10613.05,10846.96,10561.78,10809.32,374397758
2020-04-30,NIFTY50,10793.65,11010.94,10774.8,10965.16,260585609
2020-05-01,NIFTY50,10951.81,11156.12,10928.01,11112.7,232280210
2020-05-04,NIFTY50,11097.03,11384.14,11068.59,11319.59,285054940
2020-05-05,NIFTY50,11341.06,11429.38,11337.49,11417.07,463471881
2020-05-06,NIFTY50,11438.53,11481.56,11262.86,11290.23,186942880
2020-05-07,NIFTY50,11281.32,11321.67,10976.38,10987.75,445704497
2020-05-08,NIFTY50,10995.25,11165.2,10964.66,11159.2,410556293
2020-05-11,NIFTY50,11153.28,11161.31,11000.62,11006.07,469272502
2020-05-12,NIFTY50,10993.96,11232.98,10928.83,11193.57,476835887
2020-05-13,NIFTY50,11206.74,11227.64,11174.19,11215.45,390302571
2020-05-14,NIFTY50,11207.61,11517.66,11149.63,11468.54,537542743
2020-05-15,NIFTY50,11446.51,11685.47,11409.67,11646.61,502067567
2020-05-18,NIFTY50,11650.56,11700.45,11375.89,11430.07,256894957
2020-05-19,NIFTY50,11437.32,11511.05,11378.17,11502.96,262327705
2020-05-20,NIFTY50,11494.41,11497.11,10864.03,10901.65,360203163
2020-05-21,NIFTY50,10912.68,10919.33,10904.52,10913.79,313754765
2020-05-22,NIFTY50,10910.44,10972.31,10675.71,10675.71,379310388
2020-05-25,NIFTY50,10692.99,11174.46,10658.73,11154.82,326097305
2020-05-26,NIFTY50,11155.83,11221.83,11091.38,11114.86,454673627
2020-05-27,NIFTY50,11122.09,11125.07,11055.35,11057.79,237664265
2020-05-28,NIFTY50,11078.02,11282.67,11063.66,11242.05,399891149
2020-05-29,NIFTY50,11238.55,11275.63,11213.54,11231.11,239995786
2020-06-01,NIFTY50,11220.06,11528.96,11173.31,11499.61,542354666
2020-06-02,NIFTY50,11489.0,11532.65,11234.65,11278.33,417099171
2020-06-03,NIFTY50,11278.85,11289.95,11124.58,11179.69,347820714
2020-06-04,NIFTY50,11158.48,11228.86,11153.29,11188.34,218583757
2020-06-05,NIFTY50,11184.16,11206.27,11122.46,11128.4,346682387
2020-06-08,NIFTY50,11141.67,11264.06,11135.12,11245.6,297667643
2020-06-09,NIFTY50,11264.74,11512.12,11215.52,11500.0,385741063
2020-06-10,NIFTY50,11481.39,11630.92,11441.98,11606.62,329340744
2020-06-11,NIFTY50,11625.03,11636.94,11396.13,11461.22,404136449
2020-06-12,NIFTY50,11469.37,11680.05,11431.41,11625.03,418507561
2020-06-15,NIFTY50,11602.22,11871.19,11591.4,11834.72,257136715
2020-06-16,NIFTY50,11823.71,11888.86,11440.73,11484.78,451837450
2020-06-17,NIFTY50,11489.77,11566.74,11477.15,11517.89,349858767
2020-06-18,NIFTY50,11507.57,11537.1,11346.59,11411.06,298121021
2020-06-19,NIFTY50,11431.49,11669.92,11410.04,11641.53,238462476
2020-06-22,NIFTY50,11629.42,11857.84,11589.28,11851.19,230604011
2020-06-23,NIFTY50,11850.85,11913.02,11661.8,11729.52,416393273
2020-06-24,NIFTY50,11712.46,11967.92,11664.31,11932.28,511177799
2020-06-25,NIFTY50,11937.83,12003.08,11761.84,11814.72,415417339
2020-06-26,NIFTY50,11802.63,11899.96,11735.29,11847.43,445529641
2020-06-29,NIFTY50,11844.99,12072.09,11778.89,12059.89,508364139
2020-06-30,NIFTY50,12053.48,12147.8,12027.93,12138.09,188828175
2020-07-01,NIFTY50,12131.93,12140.18,11898.57,11964.19,324792800
2020-07-02,NIFTY50,11981.31,12096.06,11946.58,12075.04,319205534
2020-07-03,NIFTY50,12078.37,12095.89,12056.28,12080.12,428568333
2020-07-06,NIFTY50,12078.34,12290.58,12042.95,12245.19,387583109
2020-07-07,NIFTY50,12235.32,12243.18,11570.64,11594.97,382662375
2020-07-08,NIFTY50,11591.76,11922.86,11554.96,11908.74,295445261
2020-07-09,NIFTY50,11885.25,12242.74,11867.42,12186.48,496624143
2020-07-10,NIFTY50,12182.99,12196.3,12070.47,12129.54,218091197
2020-07-13,NIFTY50,12126.59,12155.96,12072.23,12145.77,155168592
2020-07-14,NIFTY50,12131.12,12408.76,12128.19,12394.66,435965200
2020-07-15,NIFTY50,12371.44,12420.89,12216.13,12286.04,318350718
2020-07-16,NIFTY50,12285.82,12336.08,11855.96,11865.03,489648293
2020-07-17,NIFTY50,11881.31,12148.95,11873.49,12120.67,252713880
2020-07-20,NIFTY50,12113.11,12260.02,12063.37,12259.01,198248558
2020-07-21,NIFTY50,12282.38,12336.72,12155.21,12186.96,323355747
2020-07-22,NIFTY50,12183.5,12570.46,12130.19,12524.05,319557994
2020-07-23,NIFTY50,12542.3,12673.69,12523.68,12598.53,403024581
2020-07-24,NIFTY50,12614.15,12667.22,12485.87,12523.62,261978479
2020-07-27,NIFTY50,12530.07,12822.19,12521.02,12810.76,449224284
2020-07-28,NIFTY50,12832.75,13468.77,12785.28,13434.41,295610709
2020-07-29,NIFTY50,13435.75,13492.2,13297.98,13376.65,280633780
2020-07-30,NIFTY50,13377.18,13428.85,13037.76,13061.61,363920917
2020-07-31,NIFTY50,13072.66,13431.28,13002.46,13411.41,313879435
2020-08-03,NIFTY50,13424.54,14044.76,13386.51,14026.92,297765618
2020-08-04,NIFTY50,14026.43,14089.74,14017.05,14061.54,161217364
2020-08-05,NIFTY50,14040.74,14159.82,13972.5,14129.25,454826852
2020-08-06,NIFTY50,14116.59,14237.37,14109.2,14187.63,215660896
2020-08-07,NIFTY50,14166.08,14253.34,14088.55,14203.36,255034829
2020-08-10,NIFTY50,14180.55,14260.69,13754.72,13806.0,399098520
2020-08-11,NIFTY50,13789.54,14104.12,13785.92,14043.38,296409662
2020-08-12,NIFTY50,14065.38,14129.46,13931.87,14002.96,346162330
2020-08-13,NIFTY50,14015.13,14091.73,13923.9,13929.56,394604686
2020-08-14,NIFTY50,13945.77,14255.35,13922.83,14241.08,268248012
2020-08-17,NIFTY50,14216.06,14754.62,14199.84,14669.03,472605844
2020-08-18,NIFTY50,14669.82,14676.42,14365.65,14403.48,500067862
2020-08-19,NIFTY50,14397.76,14533.25,14381.86,14509.62,253284698
2020-08-20,NIFTY50,14481.11,14561.8,14275.05,14319.11,475694226
2020-08-21,NIFTY50,14307.85,14326.76,14087.43,14147.55,499920339
2020-08-24,NIFTY50,14149.45,14297.82,14095.15,14272.83,325607286
2020-08-25,NIFTY50,14289.42,14355.13,14268.08,14300.01,267730899
2020-08-26,NIFTY50,14291.29,14681.22,14259.63,14628.11,239362441
2020-08-27,NIFTY50,14614.3,14746.05,14535.53,14734.24,330690396
2020-08-28,NIFTY50,14752.86,15222.74,14733.45,15147.86,384416722
2020-08-31,NIFTY50,15150.12,15781.99,15079.38,15689.85,281262837
2020-09-01,NIFTY50,15717.82,15742.08,15588.68,15647.47,457788944
2020-09-02,NIFTY50,15636.47,15655.6,15165.88,15223.41,460503086
2020-09-03,NIFTY50,15237.19,15360.5,15154.71,15326.6,213876872
2020-09-04,NIFTY50,15345.95,15362.16,15001.92,15053.37,290861513
2020-09-07,NIFTY50,15033.08,15362.28,14997.52,15345.92,299599929
2020-09-08,NIFTY50,15330.28,16049.67,15241.02,15962.59,285714653
2020-09-09,NIFTY50,15978.58,16158.54,15969.02,16157.39,399616543
2020-09-10,NIFTY50,16174.42,16641.46,16170.17,16577.36,356971056
2020-09-11,NIFTY50,16606.44,16666.19,16520.97,16599.9,157152545
2020-09-14,NIFTY50,16615.58,16749.34,16545.05,16715.4,276616264
2020-09-15,NIFTY50,16741.64,16880.68,16710.76,16798.49,427348659
2020-09-16,NIFTY50,16811.4,17459.74,16798.98,17394.25,235579817
2020-09-17,NIFTY50,17395.05,17482.36,17234.96,17249.64,292909251
2020-09-18,NIFTY50,17225.31,17293.04,16514.84,16537.26,503810585
2020-09-21,NIFTY50,16563.82,16612.7,16428.79,16527.03,272212059
2020-09-22,NIFTY50,16517.6,17248.48,16505.87,17185.0,273371931
2020-09-23,NIFTY50,17162.87,17217.5,17056.47,17118.06,393038145
2020-09-24,NIFTY50,17104.47,17188.37,16832.73,16867.99,235855899
2020-09-25,NIFTY50,16859.16,16886.01,16335.27,16424.65,241200900
2020-09-28,NIFTY50,16456.06,16679.59,16441.59,16602.11,254118008
2020-09-29,NIFTY50,16621.08,16668.79,16568.52,16575.22,385634867
2020-09-30,NIFTY50,16548.06,16705.49,16530.01,16606.38,363410127
2020-10-01,NIFTY50,16605.13,16702.06,16163.0,16221.56,405272150
2020-10-02,NIFTY50,16248.92,16850.97,16195.36,16812.32,599199410
2020-10-05,NIFTY50,16833.93,16872.78,16469.72,16527.33,440290358
2020-10-06,NIFTY50,16547.91,16651.5,16539.25,16629.61,365491826
2020-10-07,NIFTY50,16597.5,17759.02,16502.13,17699.72,343720247
2020-10-08,NIFTY50,17724.41,17816.59,17221.98,17307.03,376596581
2020-10-09,NIFTY50,17310.59,17651.62,17266.86,17553.53,300618001
2020-10-12,NIFTY50,17528.1,17887.74,17454.07,17785.08,399164542
2020-10-13,NIFTY50,17779.72,17785.49,17739.81,17751.1,193227745
2020-10-14,NIFTY50,17726.83,17742.45,17462.89,17477.7,324921956
2020-10-15,NIFTY50,17499.64,17515.36,16862.12,16880.6,302167011
2020-10-16,NIFTY50,16867.06,16908.71,16820.23,16854.35,159534781
2020-10-19,NIFTY50,16880.04,17172.15,16803.97,17168.85,498614173
2020-10-20,NIFTY50,17163.6,17261.25,16700.91,16746.56,359512231
2020-10-21,NIFTY50,16760.58,16803.19,16654.0,16669.68,208509987
2020-10-22,NIFTY50,16644.68,17077.14,16582.86,17055.45,329436073
2020-10-23,NIFTY50,17087.93,17350.75,17080.01,17287.99,456228742
2020-10-26,NIFTY50,17281.43,17320.88,17113.58,17119.2,383553087
2020-10-27,NIFTY50,17092.38,17273.12,17030.52,17265.05,358230459
2020-10-28,NIFTY50,17267.93,17274.69,17084.98,17146.41,337670053
2020-10-29,NIFTY50,17175.85,17388.07,17167.08,17363.03,196085706
2020-10-30,NIFTY50,17331.48,17528.34,17233.36,17495.32,166327631
2020-11-02,NIFTY50,17527.43,17597.63,17494.35,17544.97,369931672
2020-11-03,NIFTY50,17559.19,17854.01,17516.28,17843.59,491901969
2020-11-04,NIFTY50,17818.62,18200.53,17777.77,18136.63,198016067
2020-11-05,NIFTY50,18133.95,18583.44,18123.8,18485.26,327054820
2020-11-06,NIFTY50,18496.66,18681.07,18478.79,18595.29,444264093
2020-11-09,NIFTY50,18606.55,18710.4,18557.96,18596.05,220526514
2020-11-10,NIFTY50,18622.53,18670.68,18235.57,18333.54,408661966
2020-11-11,NIFTY50,18341.38,19051.91,18278.99,18943.03,555768970
2020-11-12,NIFTY50,18963.21,19765.35,18864.5,19728.71,278421925
2020-11-13,NIFTY50,19702.65,19737.59,19374.02,19381.95,405710442
2020-11-16,NIFTY50,19398.28,19944.98,19283.5,19890.0,362802232
2020-11-17,NIFTY50,19923.75,20036.1,19584.86,19699.71,451560440
2020-11-18,NIFTY50,19691.91,20429.43,19583.55,20324.92,288829873
2020-11-19,NIFTY50,20335.05,20373.32,19905.03,19915.01,446822389
2020-11-20,NIFTY50,19944.92,20026.6,19862.84,19937.08,182635149
2020-11-23,NIFTY50,19962.7,20002.9,19860.52,20001.95,316005278
2020-11-24,NIFTY50,20030.26,20057.07,19499.56,19602.38,240192484
2020-11-25,NIFTY50,19605.13,19701.38,19142.71,19155.25,303074112
2020-11-26,NIFTY50,19187.62,19535.17,19164.66,19445.54,375957676
2020-11-27,NIFTY50,19453.66,19478.48,18965.61,19050.34,254338409
2020-11-30,NIFTY50,19024.11,19691.65,18951.03,19636.28,420907248
2020-12-01,NIFTY50,19657.82,19850.31,19562.45,19842.88,420990992
2020-12-02,NIFTY50,19819.98,19863.49,19729.77,19860.75,380449316
2020-12-03,NIFTY50,19827.67,19835.91,19620.92,19668.72,340157745
2020-12-04,NIFTY50,19662.41,19687.67,19480.05,19585.0,259418756
2020-12-07,NIFTY50,19616.46,19729.0,19527.81,19688.59,250940253
2020-12-08,NIFTY50,19687.15,20075.93,19594.56,20011.63,447581769
2020-12-09,NIFTY50,20002.75,20003.95,19830.91,19924.53,267769787
2020-12-10,NIFTY50,19933.81,19972.53,19605.92,19722.64,352344994
2020-12-11,NIFTY50,19756.86,20226.99,19719.36,20166.56,451047188
2020-12-14,NIFTY50,20205.94,20320.31,20017.87,20121.37,399998174
2020-12-15,NIFTY50,20084.06,20173.93,19948.5,19970.99,476299769
2020-12-16,NIFTY50,19948.31,19973.42,19847.9,19870.69,165636292
2020-12-17,NIFTY50,19854.95,19891.52,19608.33,19705.17,235045374
2020-12-18,NIFTY50,19701.7,19750.21,19578.64,19620.1,460282871
2020-12-21,NIFTY50,19607.22,19979.69,19553.24,19869.26,394804315
2020-12-22,NIFTY50,19872.65,19918.15,19488.16,19587.48,439458634
2020-12-23,NIFTY50,19621.79,19728.44,19532.0,19543.64,201451413
2020-12-24,NIFTY50,19555.33,19722.01,19507.08,19649.35,439035264
2020-12-25,NIFTY50,19652.87,19727.57,19498.26,19557.32,175366996
2020-12-28,NIFTY50,19534.78,19757.39,19470.13,19665.72,223193090
2020-12-29,NIFTY50,19636.18,19750.18,19237.12,19343.2,432650100
2020-12-30,NIFTY50,19365.23,19411.22,19193.55,19302.37,275929846
2020-12-31,NIFTY50,19314.62,19350.24,19183.01,19287.47,375524603
2021-01-01,NIFTY50,19319.03,19462.89,19315.99,19459.07,382236405
2021-01-04,NIFTY50,19477.85,19514.95,19339.93,19359.72,400309978
2021-01-05,NIFTY50,19335.92,19750.11,19239.8,19674.04,442127711
2021-01-06,NIFTY50,19711.6,19732.15,19329.53,19434.96,479686114
2021-01-07,NIFTY50,19451.29,19500.75,19437.47,19485.98,369923102
2021-01-08,NIFTY50,19467.29,19531.88,19308.84,19419.38,268260306
2021-01-11,NIFTY50,19381.44,19916.37,19363.64,19824.77,534127351
2021-01-12,NIFTY50,19815.45,19989.75,19799.92,19901.11,408737268
2021-01-13,NIFTY50,19876.16,20019.25,19849.71,19941.17,259175576
2021-01-14,NIFTY50,19963.51,20057.66,19864.21,19956.46,179145304
2021-01-15,NIFTY50,19966.63,20322.56,19897.23,20245.02,235240080
2021-01-18,NIFTY50,20214.46,20633.53,20182.69,20615.99,292229252
2021-01-19,NIFTY50,20604.56,20708.2,20151.1,20198.46,497391978
2021-01-20,NIFTY50,20197.38,20273.2,20070.98,20096.34,394418675
2021-01-21,NIFTY50,20129.16,20226.81,19979.83,20001.41,162786785
2021-01-22,NIFTY50,20011.91,20114.54,19950.38,19964.42,340221736
2021-01-25,NIFTY50,19973.53,20039.02,19933.3,19952.26,288380515
2021-01-26,NIFTY50,19914.71,19990.02,19853.57,19987.25,235855341
2021-01-27,NIFTY50,20019.12,20022.66,19760.24,19776.69,215320061
2021-01-28,NIFTY50,19758.3,19982.37,19645.3,19924.8,362376953
2021-01-29,NIFTY50,19922.17,20018.88,19790.95,19842.87,379714941
2021-02-01,NIFTY50,19818.89,19952.52,19733.58,19851.75,362512779
2021-02-02,NIFTY50,19858.71,19988.25,19834.18,19968.41,436107007
2021-02-03,NIFTY50,19976.1,20008.66,19708.25,19746.01,230882581
2021-02-04,NIFTY50,19751.31,19795.63,19511.37,19585.72,199479679
2021-02-05,NIFTY50,19621.61,19805.37,19573.37,19775.34,476905064
2021-02-08,NIFTY50,19750.02,20089.66,19656.3,20050.84,389716707
2021-02-09,NIFTY50,20040.55,20146.68,20002.74,20129.16,161232946
2021-02-10,NIFTY50,20115.38,20483.81,20019.4,20426.78,315547243
2021-02-11,NIFTY50,20435.09,20499.74,20266.58,20279.1,320912044
2021-02-12,NIFTY50,20304.04,20519.05,20234.12,20436.73,405684803
2021-02-15,NIFTY50,20462.35,20486.68,20283.94,20289.99,444990021
2021-02-16,NIFTY50,20283.6,20541.37,20262.77,20526.09,363364135
2021-02-17,NIFTY50,20486.78,20554.56,20390.5,20552.36,154446778
2021-02-18,NIFTY50,20580.45,20630.19,20433.2,20543.62,435050008
2021-02-19,NIFTY50,20508.24,20519.94,20150.26,20247.76,356471697
2021-02-22,NIFTY50,20239.69,20331.7,20201.66,20264.04,176681662
2021-02-23,NIFTY50,20260.36,20363.53,20069.21,20186.35,223433535
2021-02-24,NIFTY50,20154.27,20326.29,20054.45,20299.01,237010760
2021-02-25,NIFTY50,20314.24,20367.34,20106.69,20127.24,274004582
2021-02-26,NIFTY50,20152.7,20260.04,20152.1,20194.9,184170422
2021-03-01,NIFTY50,20163.46,20387.81,20154.38,20272.61,339381725
2021-03-02,NIFTY50,20262.84,20410.01,20150.4,20324.8,407563681
2021-03-03,NIFTY50,20296.19,20367.32,20063.27,20166.13,400917807
2021-03-04,NIFTY50,20167.89,20196.99,20028.18,20085.78,429584167
2021-03-05,NIFTY50,20104.33,20131.57,20044.81,20076.59,310453400
2021-03-08,NIFTY50,20103.53,20132.77,19913.09,19990.71,271681398
2021-03-09,NIFTY50,19990.28,20169.68,19909.86,20144.0,432110052
2021-03-10,NIFTY50,20112.13,20224.4,20040.87,20199.11,445132603
2021-03-11,NIFTY50,20235.02,20321.04,20043.25,20122.37,436847460
2021-03-12,NIFTY50,20155.91,20455.97,20101.2,20408.76,486245206
2021-03-15,NIFTY50,20373.54,20425.26,20054.66,20137.58,232007524
2021-03-16,NIFTY50,20157.31,20442.85,20049.18,20413.38,284707353
2021-03-17,NIFTY50,20415.9,20459.02,20096.53,20110.81,511466661
2021-03-18,NIFTY50,20082.7,20143.22,19673.36,19733.5,212035016
2021-03-19,NIFTY50,19697.91,19743.12,19469.47,19578.49,274078266
2021-03-22,NIFTY50,19585.85,19648.08,19291.68,19348.99,427636294
2021-03-23,NIFTY50,19329.56,19738.87,19316.2,19725.72,202095777
2021-03-24,NIFTY50,19728.25,19781.13,19623.78,19748.49,371435595
2021-03-25,NIFTY50,19766.97,20069.24,19735.16,19963.88,288842350
2021-03-26,NIFTY50,19974.82,20160.39,19940.3,20075.37,160137478
2021-03-29,NIFTY50,20091.47,20148.94,19633.95,19669.98,334266845
2021-03-30,NIFTY50,19643.75,19682.9,19478.65,19532.0,167838742
2021-03-31,NIFTY50,19494.56,19608.53,19287.84,19390.36,259181241
2021-04-01,NIFTY50,19397.65,19610.27,19329.78,19496.85,434793193
2021-04-02,NIFTY50,19461.38,19463.41,19331.41,19410.61,319583921
2021-04-05,NIFTY50,19384.78,19401.83,19299.25,19310.13,329762540
2021-04-06,NIFTY50,19309.41,19350.05,19193.62,19256.67,422566675
2021-04-07,NIFTY50,19281.92,19316.76,18934.4,18972.39,491193385
2021-04-08,NIFTY50,19002.91,19129.28,18990.06,19061.15,448860857
2021-04-09,NIFTY50,19097.64,19311.43,19022.09,19212.72,244013541
2021-04-12,NIFTY50,19218.68,19559.66,19169.02,19478.35,296811693
2021-04-13,NIFTY50,19513.78,19611.12,19400.74,19536.25,455705185
2021-04-14,NIFTY50,19572.06,19633.94,19432.82,19463.8,349792024
2021-04-15,NIFTY50,19457.36,19573.4,19366.74,19402.75,177462750
2021-04-16,NIFTY50,19428.68,19443.02,19261.74,19354.1,344725391
2021-04-19,NIFTY50,19354.01,19728.24,19299.86,19647.43,265611098
2021-04-20,NIFTY50,19652.0,19671.17,19546.46,19603.72,188799782
2021-04-21,NIFTY50,19567.72,19769.95,19498.09,19736.43,190645971
2021-04-22,NIFTY50,19724.77,20069.62,19718.86,19969.68,250401979
2021-04-23,NIFTY50,19998.35,20078.19,19829.74,19921.64,238845217
2021-04-26,NIFTY50,19893.16,20004.85,19841.6,19917.25,193761456
2021-04-27,NIFTY50,19951.74,20247.73,19870.52,20217.55,411243538
2021-04-28,NIFTY50,20185.06,20505.42,20148.48,20473.32,356905908
2021-04-29,NIFTY50,20504.11,20603.07,20130.77,20147.6,298014958
2021-04-30,NIFTY50,20123.38,20160.21,19845.55,19881.02,450185058
2021-05-03,NIFTY50,19910.91,19963.11,19725.7,19742.12,414299618
2021-05-04,NIFTY50,19756.74,19799.12,19549.15,19590.78,431177113
2021-05-05,NIFTY50,19553.77,19619.34,19281.14,19392.55,414023947
2021-05-06,NIFTY50,19424.11,19751.55,19356.47,19658.77,398403547
2021-05-07,NIFTY50,19663.92,19698.53,19214.86,19302.33,426225273
2021-05-10,NIFTY50,19299.46,19387.82,19071.89,19131.35,195048664
2021-05-11,NIFTY50,19168.56,19180.87,19020.83,19088.9,312792256
2021-05-12,NIFTY50,19116.72,19130.65,18960.13,19026.88,438029774
2021-05-13,NIFTY50,19004.43,19184.76,18920.0,19168.19,446803998
2021-05-14,NIFTY50,19178.89,19482.16,19106.6,19464.09,177153748
2021-05-17,NIFTY50,19440.79,19448.62,19368.36,19386.16,223586844
2021-05-18,NIFTY50,19355.42,19401.45,19296.68,19398.58,362068140
2021-05-19,NIFTY50,19391.18,19843.05,19295.74,19726.74,518544665
2021-05-20,NIFTY50,19721.93,19799.82,19487.71,19502.13,254534150
2021-05-21,NIFTY50,19526.98,19658.32,19506.97,19581.08,461450898
2021-05-24,NIFTY50,19564.59,19576.33,19190.8,19258.84,404353906
2021-05-25,NIFTY50,19274.06,19286.48,19092.14,19140.02,401406345
2021-05-26,NIFTY50,19110.94,19155.59,19008.12,19074.56,174054218
2021-05-27,NIFTY50,19083.71,19220.95,18979.85,19216.04,241460513
2021-05-28,NIFTY50,19198.89,19311.98,19145.6,19186.79,426551413
2021-05-31,NIFTY50,19188.71,19518.53,19168.62,19458.64,264052963
2021-06-01,NIFTY50,19446.13,19529.57,19324.38,19416.02,305989916
2021-06-02,NIFTY50,19448.91,19456.87,19257.46,19354.93,422600548
2021-06-03,NIFTY50,19367.24,19434.17,19004.34,19110.68,486617894
2021-06-04,NIFTY50,19117.47,19184.08,18956.41,19023.12,383578364
2021-06-07,NIFTY50,19040.84,19471.05,18964.84,19444.02,510645501
2021-06-08,NIFTY50,19464.23,19578.84,19291.34,19385.38,285387497
2021-06-09,NIFTY50,19403.07,19725.49,19289.76,19680.13,212620184
2021-06-10,NIFTY50,19643.72,19776.24,19591.68,19687.65,352302899
2021-06-11,NIFTY50,19721.0,19835.55,19638.33,19797.4,372401460
2021-06-14,NIFTY50,19801.87,19825.12,19503.23,19560.87,339865090
2021-06-15,NIFTY50,19555.71,19617.72,19461.18,19553.86,196883041
2021-06-16,NIFTY50,19567.06,19590.95,19335.17,19429.6,162522549
2021-06-17,NIFTY50,19433.22,19441.61,19195.84,19217.2,480944132
2021-06-18,NIFTY50,19222.61,19387.78,19182.0,19332.82,477019704
2021-06-21,NIFTY50,19328.1,19447.17,19226.74,19374.46,196087409
2021-06-22,NIFTY50,19343.53,19401.42,19005.72,19011.59,522645544
2021-06-23,NIFTY50,19045.1,19169.29,19016.37,19063.8,351544097
2021-06-24,NIFTY50,19099.49,19371.39,19033.56,19362.7,495072045
2021-06-25,NIFTY50,19354.89,19361.47,19221.5,19302.28,216063446
2021-06-28,NIFTY50,19339.72,19563.13,19335.98,19486.75,412198368
2021-06-29,NIFTY50,19507.39,19523.69,19278.3,19341.79,351279691
2021-06-30,NIFTY50,19371.06,19398.44,19304.25,19312.7,171526914
2021-07-01,NIFTY50,19306.23,19649.53,19198.57,19562.75,503796881
2021-07-02,NIFTY50,19580.23,19738.83,19521.89,19726.52,293607261
2021-07-05,NIFTY50,19711.01,19811.51,19463.29,19577.4,173721443
2021-07-06,NIFTY50,19599.47,19678.58,19527.95,19655.45,367782688
2021-07-07,NIFTY50,19659.57,19665.72,19561.62,19651.91,217627631
2021-07-08,NIFTY50,19623.43,19675.0,19338.63,19443.29,384291044
2021-07-09,NIFTY50,19475.81,19503.64,19293.92,19304.58,166481794
2021-07-12,NIFTY50,19334.57,19426.58,19242.45,19308.26,158299715
2021-07-13,NIFTY50,19274.04,19323.56,19223.32,19316.99,303082567
2021-07-14,NIFTY50,19328.99,19357.31,19023.15,19056.59,412590280
2021-07-15,NIFTY50,19024.33,19251.94,18962.27,19223.09,452034588
2021-07-16,NIFTY50,19253.66,19390.36,19202.42,19290.96,323555293
2021-07-19,NIFTY50,19274.96,19387.39,19214.03,19311.65,296781792
2021-07-20,NIFTY50,19281.09,19321.19,19005.33,19052.3,466231894
2021-07-21,NIFTY50,19024.64,19256.08,18998.33,19143.98,468376000
2021-07-22,NIFTY50,19168.21,19184.54,18818.35,18929.42,429676952
2021-07-23,NIFTY50,18900.21,18956.78,18774.18,18777.98,323170688
2021-07-26,NIFTY50,18812.92,18819.66,18633.16,18729.19,365377559
2021-07-27,NIFTY50,18720.55,18879.89,18697.44,18874.86,268380940
2021-07-28,NIFTY50,18886.97,18890.52,18637.55,18723.27,177122539
2021-07-29,NIFTY50,18711.0,18826.95,18681.53,18733.87,267763363
2021-07-30,NIFTY50,18758.54,18807.39,18622.62,18670.52,186774456
2021-08-02,NIFTY50,18704.31,18808.96,18537.32,18569.34,460784337
2021-08-03,NIFTY50,18574.42,18632.25,18363.37,18381.3,390622850
2021-08-04,NIFTY50,18362.05,18706.06,18331.13,18604.73,333452789
2021-08-05,NIFTY50,18607.92,18650.96,18563.86,18613.27,298611648
2021-08-06,NIFTY50,18634.3,18724.89,18418.06,18485.49,231615201
2021-08-09,NIFTY50,18510.34,18604.47,18301.43,18350.29,170918745
2021-08-10,NIFTY50,18384.49,18437.46,18048.19,18140.09,297532972
2021-08-11,NIFTY50,18109.58,18207.05,17886.53,17945.91,204120214
2021-08-12,NIFTY50,17966.49,17994.47,17889.72,17943.0,272534833
2021-08-13,NIFTY50,17951.47,18055.27,17939.14,18049.9,180837970
2021-08-16,NIFTY50,18045.59,18079.95,17684.0,17742.92,318705865
2021-08-17,NIFTY50,17725.82,17753.2,17590.89,17662.79,355036398
2021-08-18,NIFTY50,17644.04,17861.27,17590.38,17849.58,233054064
2021-08-19,NIFTY50,17837.14,17913.5,17749.1,17873.67,378360385
2021-08-20,NIFTY50,17858.16,17860.81,17468.62,17532.47,408986042
2021-08-23,NIFTY50,17543.13,17592.68,17232.69,17333.94,185607778
2021-08-24,NIFTY50,17363.77,17741.07,17361.11,17644.53,310758608
2021-08-25,NIFTY50,17664.35,17718.21,17482.07,17543.28,353919199
2021-08-26,NIFTY50,17549.08,17618.26,17492.94,17508.71,195900772
2021-08-27,NIFTY50,17543.18,17624.85,17438.16,17565.26,458683630
2021-08-30,NIFTY50,17538.65,17631.1,17362.28,17445.83,431019849
2021-08-31,NIFTY50,17433.06,17453.46,17243.89,17303.61,303920868
2021-09-01,NIFTY50,17336.66,17409.8,17303.91,17385.72,222021685
2021-09-02,NIFTY50,17417.54,17460.38,17252.22,17260.47,451827616
2021-09-03,NIFTY50,17259.38,17283.23,16946.78,17027.11,310311038
2021-09-06,NIFTY50,17001.58,17169.63,16922.38,17114.42,387752275
2021-09-07,NIFTY50,17121.65,17203.41,17014.39,17049.33,221445613
2021-09-08,NIFTY50,17082.28,17141.32,16674.53,16738.06,303159043
2021-09-09,NIFTY50,16705.62,16809.87,16679.22,16797.69,463689367
2021-09-10,NIFTY50,16770.89,16858.38,16592.48,16675.91,174654630
2021-09-13,NIFTY50,16651.39,16907.09,16559.61,16819.6,409216220
2021-09-14,NIFTY50,16823.44,16895.3,16627.14,16639.02,366241921
2021-09-15,NIFTY50,16671.91,16676.43,16452.84,16526.1,363679437
2021-09-16,NIFTY50,16534.75,16649.81,16491.52,16576.14,418442884
2021-09-17,NIFTY50,16590.97,16649.66,16488.26,16569.79,425090005
2021-09-20,NIFTY50,16575.99,16892.44,16511.4,16855.03,414558740
2021-09-21,NIFTY50,16870.04,16998.39,16791.79,16969.95,293425012
2021-09-22,NIFTY50,16974.31,17065.69,16782.98,16841.57,407756482
2021-09-23,NIFTY50,16858.9,16955.35,16655.85,16660.04,291467341
2021-09-24,NIFTY50,16685.34,16716.81,16596.59,16631.25,243030432
2021-09-27,NIFTY50,16627.19,16715.51,16561.31,16590.02,296450537
2021-09-28,NIFTY50,16618.2,16684.64,16583.96,16598.01,262303862
2021-09-29,NIFTY50,16576.02,16635.53,16429.96,16433.88,483309637
2021-09-30,NIFTY50,16433.11,16581.45,16396.68,16500.03,313438951
2021-10-01,NIFTY50,16515.35,16566.96,16376.45,16458.51,316104348
2021-10-04,NIFTY50,16486.11,16497.97,16364.56,16452.3,416378870
2021-10-05,NIFTY50,16484.75,16701.02,16473.23,16628.03,376206508
2021-10-06,NIFTY50,16609.57,16639.17,16593.95,16631.75,330772684
2021-10-07,NIFTY50,16632.61,16710.15,16396.61,16466.44,350721290
2021-10-08,NIFTY50,16440.12,16616.38,16388.7,16546.38,264464194
2021-10-11,NIFTY50,16571.37,16574.91,16442.05,16504.89,158147978
2021-10-12,NIFTY50,16529.45,16551.29,16268.27,16287.39,455416462
2021-10-13,NIFTY50,16302.61,16439.99,16283.19,16412.16,212765231
2021-10-14,NIFTY50,16428.53,16450.73,16421.9,16450.41,459909443
2021-10-15,NIFTY50,16420.07,16487.85,16358.82,16419.24,281242073
2021-10-18,NIFTY50,16429.55,16447.3,16250.09,16279.4,297875543
2021-10-19,NIFTY50,16278.77,16340.3,16189.06,16247.34,450441824
2021-10-20,NIFTY50,16222.15,16494.82,16148.67,16408.1,334328255
2021-10-21,NIFTY50,16391.52,16433.3,16204.11,16221.26,357787445
2021-10-22,NIFTY50,16214.65,16227.11,16062.34,16147.82,431305591
2021-10-25,NIFTY50,16117.39,16143.3,16074.82,16095.6,381534760
2021-10-26,NIFTY50,16080.25,16183.03,16042.49,16152.25,400901192
2021-10-27,NIFTY50,16123.47,16193.07,16102.29,16146.03,175167762
2021-10-28,NIFTY50,16150.72,16166.85,15935.09,15954.83,234001928
2021-10-29,NIFTY50,15943.96,16001.83,15922.56,15924.46,164408393
2021-11-01,NIFTY50,15937.5,16103.96,15864.17,16016.3,472600907
2021-11-02,NIFTY50,15997.75,16416.44,15903.18,16363.86,532563899
2021-11-03,NIFTY50,16350.13,16365.96,16292.08,16328.71,379930535
2021-11-04,NIFTY50,16357.45,16360.99,16305.69,16307.65,438271348
2021-11-05,NIFTY50,16306.67,16322.02,16020.99,16050.03,316687822
2021-11-08,NIFTY50,16020.09,16092.18,15923.73,16001.79,363464622
2021-11-09,NIFTY50,16017.19,16129.99,16009.03,16103.91,201773270
2021-11-10,NIFTY50,16118.89,16120.84,15988.04,16059.6,452951104
2021-11-11,NIFTY50,16074.75,16232.13,16056.01,16155.3,336532932
2021-11-12,NIFTY50,16171.04,16200.35,16023.08,16067.32,214598477
2021-11-15,NIFTY50,16065.48,16093.55,15927.04,15935.94,398249387
2021-11-16,NIFTY50,15961.93,16012.99,15758.06,15781.22,174701081
2021-11-17,NIFTY50,15809.72,15882.07,15718.17,15785.86,393963695
2021-11-18,NIFTY50,15779.37,16071.55,15744.36,16049.2,243272602
2021-11-19,NIFTY50,16069.08,16163.17,15976.31,15985.46,250435199
2021-11-22,NIFTY50,15991.43,16252.45,15952.74,16244.28,469662101
2021-11-23,NIFTY50,16261.21,16351.13,16213.07,16345.35,394206351
2021-11-24,NIFTY50,16322.51,16353.99,16173.27,16228.31,394624758
2021-11-25,NIFTY50,16209.44,16281.17,16161.91,16226.41,418825801
2021-11-26,NIFTY50,16214.85,16283.82,16048.34,16098.03,209047240
2021-11-29,NIFTY50,16070.82,16083.09,16048.64,16049.95,441956414
2021-11-30,NIFTY50,16045.94,16209.52,16042.18,16115.55,393168698
2021-12-01,NIFTY50,16117.13,16130.66,15911.49,15995.39,402412401
2021-12-02,NIFTY50,15991.26,16019.49,15854.79,15942.98,305233832
2021-12-03,NIFTY50,15934.79,15996.96,15807.34,15820.77,463949264
2021-12-06,NIFTY50,15849.38,15905.84,15791.89,15870.48,416139159
2021-12-07,NIFTY50,15897.6,16119.27,15816.29,16049.93,247835109
2021-12-08,NIFTY50,16048.25,16078.84,15976.87,15994.07,416604666
2021-12-09,NIFTY50,15982.03,16369.23,15915.48,16350.82,536542300
2021-12-10,NIFTY50,16358.99,16577.71,16352.44,16518.79,299224560
2021-12-13,NIFTY50,16498.48,16782.85,16408.25,16754.28,432796612
2021-12-14,NIFTY50,16762.62,16803.18,16679.68,16705.21,453356152
2021-12-15,NIFTY50,16711.4,16766.97,16689.7,16756.61,253298881
2021-12-16,NIFTY50,16776.51,17032.21,16699.4,16972.4,369396825
2021-12-17,NIFTY50,16979.52,17181.63,16904.41,17082.55,430386868
2021-12-20,NIFTY50,17064.22,17399.78,16969.05,17377.21,268086987
2021-12-21,NIFTY50,17342.47,17350.57,16964.2,17063.5,263893596
2021-12-22,NIFTY50,17074.75,17108.26,16846.11,16896.84,233773973
2021-12-23,NIFTY50,16915.35,16987.03,16656.69,16692.24,482334351
2021-12-24,NIFTY50,16699.28,16933.4,16682.63,16911.7,338433269
2021-12-27,NIFTY50,16915.79,17040.23,16835.71,16990.27,224521660
2021-12-28,NIFTY50,16979.95,16982.53,16800.76,16837.71,436161270
2021-12-29,NIFTY50,16832.59,16894.9,16691.58,16779.8,261217834
2021-12-30,NIFTY50,16796.43,16883.79,16751.87,16882.71,458911955
2021-12-31,NIFTY50,16871.12,16963.34,16550.3,16641.75,479870101
2022-01-03,NIFTY50,16610.7,16638.1,16507.12,16554.68,182659961
2022-01-04,NIFTY50,16539.72,16545.4,16478.59,16535.36,168275800
2022-01-05,NIFTY50,16568.25,16698.03,16519.51,16634.93,428518251
2022-01-06,NIFTY50,16637.96,16648.33,16478.96,16515.58,248906441
2022-01-07,NIFTY50,16538.76,16596.2,16456.0,16587.96,223499796
2022-01-10,NIFTY50,16558.91,16568.6,16159.63,16212.56,311789930
2022-01-11,NIFTY50,16201.7,16267.03,16095.79,16183.15,245214784
2022-01-12,NIFTY50,16211.91,16262.13,15993.25,16084.02,388898715
2022-01-13,NIFTY50,16055.81,16074.39,15851.09,15923.83,252022928
2022-01-14,NIFTY50,15920.22,16090.81,15901.24,16064.25,458528474
2022-01-17,NIFTY50,16086.24,16177.07,15823.42,15853.02,382753565
2022-01-18,NIFTY50,15874.33,15882.53,15305.6,15391.51,254777524
2022-01-19,NIFTY50,15405.64,15773.34,15351.0,15755.79,198851257
2022-01-20,NIFTY50,15737.99,15817.4,15730.31,15781.93,287149831
2022-01-21,NIFTY50,15809.88,15891.89,15556.53,15626.61,243038024
2022-01-24,NIFTY50,15613.3,15639.43,15319.07,15371.19,433101453
2022-01-25,NIFTY50,15394.77,15515.79,15367.53,15499.32,418184919
2022-01-26,NIFTY50,15504.2,15536.65,15075.49,15133.77,483732065
2022-01-27,NIFTY50,15113.82,15199.94,15018.82,15071.74,243167359
2022-01-28,NIFTY50,15083.93,15148.63,15010.54,15117.17,314181298
2022-01-31,NIFTY50,15117.39,15192.66,14916.87,14988.3,215665352
2022-02-01,NIFTY50,14971.41,15059.04,14888.59,15035.51,441047138
2022-02-02,NIFTY50,15013.85,15151.5,14980.31,15098.34,367634747
2022-02-03,NIFTY50,15087.61,15253.11,15055.12,15243.54,169073583
2022-02-04,NIFTY50,15233.58,15316.12,14810.11,14826.75,435767182
2022-02-07,NIFTY50,14808.14,14810.07,14432.06,14502.47,481455305
2022-02-08,NIFTY50,14515.87,14557.12,14398.93,14420.01,370290160
2022-02-09,NIFTY50,14414.31,14417.78,14126.77,14205.96,316729486
2022-02-10,NIFTY50,14206.35,14349.51,14140.37,14313.35,392756502
2022-02-11,NIFTY50,14294.25,14433.23,14243.06,14407.25,459663612
2022-02-14,NIFTY50,14421.76,14764.53,14392.93,14753.04,221817575
2022-02-15,NIFTY50,14768.72,14839.74,14682.27,14722.79,243663076
2022-02-16,NIFTY50,14705.14,14720.32,14544.71,14571.59,274683908
2022-02-17,NIFTY50,14547.71,14681.66,14487.94,14660.13,372251108
2022-02-18,NIFTY50,14636.67,15058.66,14602.07,15009.15,326950520
2022-02-21,NIFTY50,15029.04,15092.72,14884.68,14953.14,208963211
2022-02-22,NIFTY50,14979.17,15015.11,14792.06,14821.15,328699075
2022-02-23,NIFTY50,14816.68,14851.69,14786.84,14793.2,419931057
2022-02-24,NIFTY50,14765.21,15043.03,14749.42,14963.53,308055690
2022-02-25,NIFTY50,14982.87,15037.76,14726.59,14793.31,213265373
2022-02-28,NIFTY50,14774.85,14925.67,14736.25,14906.77,357801932
2022-03-01,NIFTY50,14885.95,15046.01,14825.64,15017.98,438489285
2022-03-02,NIFTY50,15013.28,15547.63,14951.82,15532.38,278089652
2022-03-03,NIFTY50,15543.94,15763.2,15463.51,15753.62,178862607
2022-03-04,NIFTY50,15754.05,16098.06,15752.96,16032.04,430289694
2022-03-07,NIFTY50,16027.23,16369.31,16016.08,16296.75,456416987
2022-03-08,NIFTY50,16310.57,16418.3,16215.47,16335.56,214953132
2022-03-09,NIFTY50,16337.63,16518.17,16271.49,16480.25,251175917
2022-03-10,NIFTY50,16493.93,17182.7,16442.97,17156.16,555974724
2022-03-11,NIFTY50,17124.58,17213.76,16793.54,16840.05,209474946
2022-03-14,NIFTY50,16823.36,16857.43,16752.29,16782.11,168228326
2022-03-15,NIFTY50,16772.5,16882.92,16739.83,16881.15,179101735
2022-03-16,NIFTY50,16849.86,16924.54,16692.62,16717.56,214031065
2022-03-17,NIFTY50,16693.8,16938.06,16604.38,16888.06,369637886
2022-03-18,NIFTY50,16870.77,16954.34,16768.99,16853.42,439925909
2022-03-21,NIFTY50,16841.73,17086.28,16780.15,17082.35,232040077
2022-03-22,NIFTY50,17053.57,17494.77,16976.9,17397.96,446468664
2022-03-23,NIFTY50,17415.13,17592.73,17337.53,17516.89,205728325
2022-03-24,NIFTY50,17490.01,17510.13,17341.93,17369.13,339164544
2022-03-25,NIFTY50,17389.53,17461.97,17117.89,17122.91,461151503
2022-03-28,NIFTY50,17107.48,17567.64,17088.42,17495.33,510467193
2022-03-29,NIFTY50,17524.0,17595.31,17279.96,17308.27,408014985
2022-03-30,NIFTY50,17319.16,17409.09,17271.1,17380.43,334185296
2022-03-31,NIFTY50,17394.96,17472.44,17331.15,17449.3,413048342
2022-04-01,NIFTY50,17437.34,17478.05,17172.21,17268.56,172982949
2022-04-04,NIFTY50,17290.84,17306.59,17017.18,17104.87,457496840
2022-04-05,NIFTY50,17116.7,17142.96,16951.56,16954.84,209060524
2022-04-06,NIFTY50,16944.35,16965.45,16631.47,16730.33,394316425
2022-04-07,NIFTY50,16727.09,16773.99,16703.26,16718.89,241152120
2022-04-08,NIFTY50,16713.24,16789.94,16422.55,16496.93,342560398
2022-04-11,NIFTY50,16479.42,16570.5,16221.25,16234.08,250763997
2022-04-12,NIFTY50,16266.03,16374.1,16248.6,16318.22,247627542
2022-04-13,NIFTY50,16349.48,16525.18,16314.94,16470.82,291864359
2022-04-14,NIFTY50,16458.92,16494.78,16200.18,16210.46,371283049
2022-04-15,NIFTY50,16192.63,16231.88,15864.34,15936.7,354983944
2022-04-18,NIFTY50,15963.73,15980.74,15765.63,15792.95,475297542
2022-04-19,NIFTY50,15802.82,15867.61,15781.97,15791.28,374862145
2022-04-20,NIFTY50,15799.9,15858.57,15722.88,15735.96,434962408
2022-04-21,NIFTY50,15750.57,15839.92,15684.38,15715.03,287965710
2022-04-22,NIFTY50,15726.62,15816.44,15406.68,15408.78,428991922
2022-04-25,NIFTY50,15430.37,15565.27,15396.2,15550.22,304043976
2022-04-26,NIFTY50,15576.43,15943.63,15549.05,15912.82,205428251
2022-04-27,NIFTY50,15896.59,15954.13,15424.26,15516.4,305985303
2022-04-28,NIFTY50,15492.27,15548.41,15422.26,15452.98,245131989
2022-04-29,NIFTY50,15426.39,15495.68,15314.27,15377.2,386209237
2022-05-02,NIFTY50,15399.47,15486.37,15360.94,15479.84,308932460
2022-05-03,NIFTY50,15493.2,15549.62,15271.29,15362.48,175072586
2022-05-04,NIFTY50,15335.42,15555.18,15259.21,15479.8,184516196
2022-05-05,NIFTY50,15480.51,15540.85,15363.61,15403.22,227317576
2022-05-06,NIFTY50,15419.11,15708.37,15345.88,15653.91,279881767
2022-05-09,NIFTY50,15631.49,15654.29,15424.54,15469.33,326437394
2022-05-10,NIFTY50,15442.98,15526.3,15118.75,15163.48,337023114
2022-05-11,NIFTY50,15174.95,15205.06,15023.71,15064.42,307315057
2022-05-12,NIFTY50,15080.17,15093.56,14840.73,14866.46,303965283
2022-05-13,NIFTY50,14879.17,14906.55,14694.29,14757.67,336554205
2022-05-16,NIFTY50,14745.57,14811.37,14451.12,14511.65,266787171
2022-05-17,NIFTY50,14497.56,14648.51,14423.54,14628.5,337824928
2022-05-18,NIFTY50,14620.55,15061.55,14544.21,15015.73,540616537
2022-05-19,NIFTY50,14995.93,15026.9,14782.21,14796.05,480325199
2022-05-20,NIFTY50,14817.68,14860.82,14547.48,14562.25,500243274
2022-05-23,NIFTY50,14555.26,14613.66,14300.0,14305.56,318419853
2022-05-24,NIFTY50,14292.87,14410.38,14225.19,14343.42,262501466
2022-05-25,NIFTY50,14367.1,14445.23,13982.08,14052.91,518758063
2022-05-26,NIFTY50,14045.24,14048.01,13983.97,14036.73,330671063
2022-05-27,NIFTY50,14062.65,14134.08,13949.55,13994.71,198420210
2022-05-30,NIFTY50,13998.44,14049.44,13976.93,14028.57,254081154
2022-05-31,NIFTY50,14014.27,14072.26,13880.45,13918.54,185059373
2022-06-01,NIFTY50,13906.15,13968.15,13842.29,13903.47,186175972
2022-06-02,NIFTY50,13892.5,13967.88,13872.17,13950.49,419977462
2022-06-03,NIFTY50,13966.19,13992.91,13651.75,13703.87,300614743
2022-06-06,NIFTY50,13702.56,13710.77,13427.6,13475.25,480242465
2022-06-07,NIFTY50,13471.47,13831.4,13413.27,13756.7,468605180
2022-06-08,NIFTY50,13773.53,13843.0,13735.82,13792.16,154138524
2022-06-09,NIFTY50,13779.51,13831.69,13486.79,13513.44,492203553
2022-06-10,NIFTY50,13502.61,13782.1,13482.43,13710.75,341276439
2022-06-13,NIFTY50,13717.66,13726.84,13469.12,13530.54,280378544
2022-06-14,NIFTY50,13556.22,13594.49,13410.93,13424.07,199770042
2022-06-15,NIFTY50,13402.3,13471.62,13321.19,13348.62,463837609
2022-06-16,NIFTY50,13327.72,13397.08,13303.16,13378.47,320973783
2022-06-17,NIFTY50,13357.22,13381.27,13042.3,13090.17,283209063
2022-06-20,NIFTY50,13084.74,13191.53,13072.34,13177.95,250075159
2022-06-21,NIFTY50,13176.57,13223.63,12860.29,12892.54,358434588
2022-06-22,NIFTY50,12914.94,12979.6,12828.61,12857.21,323022952
2022-06-23,NIFTY50,12869.82,12904.55,12652.52,12684.89,409701565
2022-06-24,NIFTY50,12707.22,12809.63,12676.05,12805.38,246507684
2022-06-27,NIFTY50,12780.77,12853.54,12764.77,12799.45,288731925
2022-06-28,NIFTY50,12790.33,12851.03,12568.46,12593.07,298531286
2022-06-29,NIFTY50,12590.06,12610.75,12489.72,12495.3,254456681
2022-06-30,NIFTY50,12506.36,12541.62,12154.1,12225.33,212439905
2022-07-01,NIFTY50,12247.81,12299.73,12149.69,12167.93,367833110
2022-07-04,NIFTY50,12160.27,12471.38,12128.31,12431.26,368084822
2022-07-05,NIFTY50,12443.69,12625.98,12385.81,12601.44,423088231
2022-07-06,NIFTY50,12605.96,12702.99,12563.47,12659.38,403005848
2022-07-07,NIFTY50,12672.69,12692.51,12444.35,12484.13,348879035
2022-07-08,NIFTY50,12497.61,12620.28,12445.17,12554.69,336562938
2022-07-11,NIFTY50,12568.39,12624.74,12521.49,12537.65,326857517
2022-07-12,NIFTY50,12529.27,12580.22,12348.62,12401.01,318382950
2022-07-13,NIFTY50,12383.16,12562.75,12351.41,12514.53,448745950
2022-07-14,NIFTY50,12492.52,12633.94,12464.53,12559.36,398505815
2022-07-15,NIFTY50,12578.1,12602.79,12535.14,12575.8,305692857
2022-07-18,NIFTY50,12587.59,12630.28,12424.89,12497.94,223329013
2022-07-19,NIFTY50,12515.25,12550.28,12445.98,12543.68,261721040
2022-07-20,NIFTY50,12540.21,12579.84,12506.26,12558.98,234541543
2022-07-21,NIFTY50,12566.41,12689.66,12526.62,12663.84,414048910
2022-07-22,NIFTY50,12653.4,12700.75,12592.57,12622.1,159678729
2022-07-25,NIFTY50,12609.93,12626.79,12391.7,12442.06,371762118
2022-07-26,NIFTY50,12427.14,12488.4,12303.41,12372.1,244969535
2022-07-27,NIFTY50,12362.62,12513.24,12323.05,12505.67,189661720
2022-07-28,NIFTY50,12528.41,12553.03,12406.56,12430.08,290070221
2022-07-29,NIFTY50,12413.34,12542.08,12395.98,12467.95,274750715
2022-08-01,NIFTY50,12486.78,12628.6,12477.56,12557.45,376611229
2022-08-02,NIFTY50,12575.24,12796.72,12571.52,12780.72,453977397
2022-08-03,NIFTY50,12774.62,12894.46,12767.5,12831.76,253747032
2022-08-04,NIFTY50,12832.6,12845.14,12696.26,12712.25,451014679
2022-08-05,NIFTY50,12737.44,12769.16,12643.07,12659.05,207060123
2022-08-08,NIFTY50,12646.66,12655.15,12578.98,12613.56,159425379
2022-08-09,NIFTY50,12636.85,12644.43,12446.19,12473.16,351640622
2022-08-10,NIFTY50,12490.51,12513.05,12339.49,12413.95,204612395
2022-08-11,NIFTY50,12432.62,12461.09,12360.69,12459.91,335533783
2022-08-12,NIFTY50,12443.83,12635.37,12405.11,12634.67,256877451
2022-08-15,NIFTY50,12612.49,12709.14,12546.93,12648.25,310652492
2022-08-16,NIFTY50,12630.92,12643.99,12438.23,12508.5,256824654
2022-08-17,NIFTY50,12492.57,12614.28,12484.37,12548.1,244681707
2022-08-18,NIFTY50,12543.26,12671.89,12479.94,12643.58,346905993
2022-08-19,NIFTY50,12619.74,13002.11,12564.09,12965.5,285414649
2022-08-22,NIFTY50,12959.13,13068.25,12918.29,13021.49,245062052
2022-08-23,NIFTY50,13007.05,13039.82,12868.03,12873.16,451562701
2022-08-24,NIFTY50,12893.66,12927.73,12683.0,12748.54,164945134
2022-08-25,NIFTY50,12769.09,12778.91,12523.16,12572.68,394039020
2022-08-26,NIFTY50,12552.38,12598.09,12489.79,12560.95,257762820
2022-08-29,NIFTY50,12576.3,12587.06,12275.93,12324.68,238676643
2022-08-30,NIFTY50,12330.35,12348.83,12292.47,12310.99,315118689
2022-08-31,NIFTY50,12319.28,12527.63,12276.62,12488.68,335515786
2022-09-01,NIFTY50,12484.78,12603.59,12441.38,12553.79,177153399
2022-09-02,NIFTY50,12560.41,12647.38,12486.59,12587.4,161911085
2022-09-05,NIFTY50,12602.25,12835.99,12577.86,12823.53,484674055
2022-09-06,NIFTY50,12830.14,12893.03,12703.49,12747.63,415966222
2022-09-07,NIFTY50,12735.54,12772.96,12678.61,12739.34,428988625
2022-09-08,NIFTY50,12759.34,12778.88,12658.38,12719.97,417904485
2022-09-09,NIFTY50,12699.44,12764.68,12584.12,12642.02,308964855
2022-09-12,NIFTY50,12649.21,12722.43,12451.01,12460.45,310992927
2022-09-13,NIFTY50,12441.53,12532.24,12432.1,12478.88,341607882
2022-09-14,NIFTY50,12503.05,12509.28,12252.7,12316.77,475657830
2022-09-15,NIFTY50,12335.77,12452.28,12325.28,12414.22,290400328
2022-09-16,NIFTY50,12426.37,12485.68,12368.22,12446.43,446125598
2022-09-19,NIFTY50,12439.6,12510.99,12368.9,12493.72,451535266
2022-09-20,NIFTY50,12502.73,12669.28,12438.3,12621.2,299171142
2022-09-21,NIFTY50,12603.63,12698.75,12557.53,12627.37,259816219
2022-09-22,NIFTY50,12650.04,12841.37,12581.66,12818.57,433122808
2022-09-23,NIFTY50,12799.91,12871.96,12767.75,12767.78,296221075
2022-09-26,NIFTY50,12752.9,12809.03,12678.61,12723.96,192250221
2022-09-27,NIFTY50,12705.83,12768.53,12429.38,12486.66,332421636
2022-09-28,NIFTY50,12482.62,12624.48,12464.0,12579.84,363354816
2022-09-29,NIFTY50,12568.58,12922.3,12559.27,12853.46,281878622
2022-09-30,NIFTY50,12841.91,13020.62,12792.85,12995.09,476832054
2022-10-03,NIFTY50,13001.77,13188.88,12950.25,13151.71,347842918
2022-10-04,NIFTY50,13157.5,13169.63,13012.98,13082.07,350922811
2022-10-05,NIFTY50,13058.05,13215.02,13038.03,13148.91,420925899
2022-10-06,NIFTY50,13159.94,13303.56,13121.47,13234.84,326302176
2022-10-07,NIFTY50,13261.18,13462.66,13213.51,13414.1,391323177
2022-10-10,NIFTY50,13413.81,13603.43,13379.0,13546.4,198209826
2022-10-11,NIFTY50,13534.5,13692.5,13512.09,13633.27,303398226
2022-10-12,NIFTY50,13642.38,13662.95,13552.21,13581.28,162925203
2022-10-13,NIFTY50,13567.3,13723.2,13519.19,13682.57,314503208
2022-10-14,NIFTY50,13693.98,13788.35,13625.17,13742.12,367079276
2022-10-17,NIFTY50,13751.33,13841.39,13742.44,13837.89,217065195
2022-10-18,NIFTY50,13852.51,13976.51,13796.6,13946.33,405967746
2022-10-19,NIFTY50,13920.66,13989.95,13883.89,13935.84,400346488
2022-10-20,NIFTY50,13960.38,14028.49,13751.88,13803.9,417969959
2022-10-21,NIFTY50,13807.59,13928.17,13729.23,13926.15,221027991
2022-10-24,NIFTY50,13899.88,13937.96,13682.2,13755.74,384430703
2022-10-25,NIFTY50,13781.79,13802.36,13679.12,13715.83,180758173
2022-10-26,NIFTY50,13723.22,13786.51,13647.38,13660.55,467961072
2022-10-27,NIFTY50,13650.81,13683.68,13548.76,13577.16,257168540
2022-10-28,NIFTY50,13568.13,13680.21,13507.9,13629.8,282730021
2022-10-31,NIFTY50,13652.38,13659.79,13535.38,13568.44,435698897
2022-11-01,NIFTY50,13552.27,13649.31,13512.8,13579.57,333641171
2022-11-02,NIFTY50,13593.41,13731.49,13567.08,13652.9,221182949
2022-11-03,NIFTY50,13653.24,13705.85,13547.15,13571.27,465219504
2022-11-04,NIFTY50,13548.25,13555.84,13343.95,13401.17,413267623
2022-11-07,NIFTY50,13392.6,13479.61,13381.91,13451.05,370107120
2022-11-08,NIFTY50,13467.98,13791.95,13444.23,13718.9,232795257
2022-11-09,NIFTY50,13736.8,13776.2,13724.02,13755.91,304999324
2022-11-10,NIFTY50,13766.64,13836.54,13694.35,13818.39,403965259
2022-11-11,NIFTY50,13791.44,13870.81,13789.72,13850.56,418988422
2022-11-14,NIFTY50,13853.4,13900.62,13755.44,13789.56,447273345
2022-11-15,NIFTY50,13810.99,13892.13,13639.2,13700.59,367688746
2022-11-16,NIFTY50,13693.48,13773.41,13616.5,13699.43,322154593
2022-11-17,NIFTY50,13710.02,13860.1,13641.95,13833.4,310182637
2022-11-18,NIFTY50,13811.08,13887.11,13680.09,13761.46,426493245
2022-11-21,NIFTY50,13779.42,13902.22,13750.62,13883.24,487062339
2022-11-22,NIFTY50,13870.42,13972.76,13832.12,13902.97,390554086
2022-11-23,NIFTY50,13928.17,13942.49,13719.21,13765.46,198786660
2022-11-24,NIFTY50,13776.82,13782.09,13681.82,13710.98,310027921
2022-11-25,NIFTY50,13723.47,13907.11,13683.06,13847.82,243711460
2022-11-28,NIFTY50,13845.17,13903.58,13789.12,13858.81,330051761
2022-11-29,NIFTY50,13859.25,13966.44,13795.53,13932.4,335753967
2022-11-30,NIFTY50,13907.49,14072.81,13858.47,14009.4,198521382
2022-12-01,NIFTY50,14022.31,14083.94,13865.78,13886.51,267885851
2022-12-02,NIFTY50,13910.33,14031.52,13882.64,13970.44,212673326
2022-12-05,NIFTY50,13995.53,14028.07,13903.17,13937.25,414308818
2022-12-06,NIFTY50,13914.72,13944.37,13739.33,13797.89,313827720
2022-12-07,NIFTY50,13792.45,13884.66,13710.88,13865.8,203330634
2022-12-08,NIFTY50,13867.13,13875.95,13816.69,13874.25,451842099
2022-12-09,NIFTY50,13855.85,13935.96,13618.08,13661.45,175893222
2022-12-12,NIFTY50,13677.84,13724.46,13569.81,13600.4,195620379
2022-12-13,NIFTY50,13606.98,13636.04,13589.15,13621.18,340477600
2022-12-14,NIFTY50,13602.37,13632.9,13499.02,13513.37,417197833
2022-12-15,NIFTY50,13495.93,13609.47,13429.62,13597.33,176621317
2022-12-16,NIFTY50,13618.44,13784.38,13608.61,13719.05,345730336
2022-12-19,NIFTY50,13729.09,13811.18,13715.3,13762.45,209977046
2022-12-20,NIFTY50,13789.83,13865.95,13568.93,13645.71,481873396
2022-12-21,NIFTY50,13669.95,13724.79,13663.2,13668.56,286915274
2022-12-22,NIFTY50,13685.93,13702.38,13652.73,13686.91,346968543
2022-12-23,NIFTY50,13685.84,14071.74,13631.67,14000.87,249604910
2022-12-26,NIFTY50,14009.54,14148.45,13962.22,14071.47,457537747
2022-12-27,NIFTY50,14079.53,14108.31,14068.08,14084.43,258684240
2022-12-28,NIFTY50,14079.03,14110.89,13902.73,13943.76,455052818
2022-12-29,NIFTY50,13949.88,13975.48,13607.5,13689.0,359764230
2022-12-30,NIFTY50,13690.5,13693.92,13587.92,13665.55,320277573
2023-01-02,NIFTY50,13669.44,13687.9,13643.72,13673.68,176792177
2023-01-03,NIFTY50,13662.9,13822.61,13583.86,13807.02,195523292
2023-01-04,NIFTY50,13803.36,13845.47,13716.37,13786.62,429382939
2023-01-05,NIFTY50,13809.26,13817.44,13665.43,13743.77,277312535
2023-01-06,NIFTY50,13727.47,13856.14,13674.72,13838.97,169341972
2023-01-09,NIFTY50,13861.13,13870.81,13608.97,13632.73,320645049
2023-01-10,NIFTY50,13623.5,13747.25,13591.63,13732.67,292589898
2023-01-11,NIFTY50,13707.66,13839.39,13687.41,13827.64,308572623
2023-01-12,NIFTY50,13831.54,13903.22,13732.71,13784.5,268102965
2023-01-13,NIFTY50,13807.32,13841.22,13769.15,13770.0,375987128
2023-01-16,NIFTY50,13752.89,13933.64,13731.98,13868.8,166764574
2023-01-17,NIFTY50,13879.68,13917.08,13732.69,13787.54,285512143
2023-01-18,NIFTY50,13768.73,14066.1,13763.23,13999.64,505689428
2023-01-19,NIFTY50,13986.01,14233.4,13907.91,14175.49,409477822
2023-01-20,NIFTY50,14195.64,14217.92,14076.79,14141.36,370729089
2023-01-23,NIFTY50,14166.83,14253.83,14124.5,14206.55,228304776
2023-01-24,NIFTY50,14205.34,14360.36,14202.1,14350.77,394718878
2023-01-25,NIFTY50,14368.36,14398.61,14315.31,14377.75,392450493
2023-01-26,NIFTY50,14393.23,14450.48,14254.95,14298.16,265373117
2023-01-27,NIFTY50,14272.06,14294.82,14258.99,14293.61,285554332
2023-01-30,NIFTY50,14276.49,14331.67,14240.54,14274.06,235369367
2023-01-31,NIFTY50,14258.37,14312.03,14214.54,14243.25,393940095
2023-02-01,NIFTY50,14262.81,14314.3,13922.78,13946.86,285699171
2023-02-02,NIFTY50,13922.13,14241.97,13887.89,14183.69,511013825
2023-02-03,NIFTY50,14196.4,14223.8,14126.4,14129.66,213560704
2023-02-06,NIFTY50,14101.59,14248.37,14068.8,14243.38,231474951
2023-02-07,NIFTY50,14216.9,14304.45,14215.21,14257.78,409882561
2023-02-08,NIFTY50,14245.37,14298.03,14201.83,14240.25,281010275
2023-02-09,NIFTY50,14231.43,14315.79,14130.48,14169.16,243807578
2023-02-10,NIFTY50,14153.51,14312.9,14091.43,14288.31,388698312
2023-02-13,NIFTY50,14280.77,14303.11,14211.75,14301.31,229368857
2023-02-14,NIFTY50,14323.04,14396.23,13969.06,14052.32,254923099
2023-02-15,NIFTY50,14077.16,14112.73,13983.83,14018.97,402156758
2023-02-16,NIFTY50,14011.32,14038.72,13878.72,13912.02,467657037
2023-02-17,NIFTY50,13894.82,13980.69,13821.99,13964.39,358098911
2023-02-20,NIFTY50,13979.13,14013.37,13867.76,13921.56,272746247
2023-02-21,NIFTY50,13923.94,13961.73,13696.91,13771.66,411227267
2023-02-22,NIFTY50,13774.51,13852.13,13742.75,13839.11,448785686
2023-02-23,NIFTY50,13812.75,14008.29,13765.73,13990.96,269134568
2023-02-24,NIFTY50,13994.5,14008.29,13960.76,13995.2,256975916
2023-02-27,NIFTY50,13980.97,14042.91,13846.75,13910.4,436209173
2023-02-28,NIFTY50,13916.65,14145.34,13843.51,14083.21,227219227
2023-03-01,NIFTY50,14055.53,14236.76,14051.08,14163.48,209592884
2023-03-02,NIFTY50,14146.66,14335.23,14128.58,14322.29,206239095
2023-03-03,NIFTY50,14327.07,14549.45,14286.23,14477.5,270519315
2023-03-06,NIFTY50,14481.09,14721.68,14467.88,14642.54,415409706
2023-03-07,NIFTY50,14637.25,14919.43,14582.03,14869.32,347603549
2023-03-08,NIFTY50,14897.64,15028.15,14884.53,14968.52,414798947
2023-03-09,NIFTY50,14991.29,15287.93,14948.4,15244.68,190362861
2023-03-10,NIFTY50,15236.29,15428.84,15184.01,15388.12,426872256
2023-03-13,NIFTY50,15415.61,15511.54,15333.7,15458.97,204647281
2023-03-14,NIFTY50,15436.4,15555.54,15399.94,15527.58,240472743
2023-03-15,NIFTY50,15556.17,15810.36,15496.98,15791.68,359163598
2023-03-16,NIFTY50,15765.35,15964.56,15689.74,15907.03,170147950
2023-03-17,NIFTY50,15938.31,15973.24,15782.27,15806.24,452611796
2023-03-20,NIFTY50,15832.53,15879.04,15519.17,15603.97,200690887
2023-03-21,NIFTY50,15589.19,15682.36,15544.87,15576.41,301714820
2023-03-22,NIFTY50,15573.8,15600.2,15522.29,15592.7,222443347
2023-03-23,NIFTY50,15562.18,15718.85,15533.91,15664.93,269096512
2023-03-24,NIFTY50,15635.86,15698.89,15566.27,15631.63,337212344
2023-03-27,NIFTY50,15662.49,15702.39,15388.61,15454.19,246140794
2023-03-28,NIFTY50,15457.43,15502.77,15430.82,15455.55,391868859
2023-03-29,NIFTY50,15465.83,15541.83,15418.62,15512.18,218677100
2023-03-30,NIFTY50,15528.44,15795.6,15511.94,15772.61,215912409
2023-03-31,NIFTY50,15790.2,15947.47,15789.29,15865.25,166453963
2023-04-03,NIFTY50,15891.2,15897.91,15763.11,15818.41,409100751
2023-04-04,NIFTY50,15828.85,15887.03,15760.58,15765.9,231924443
2023-04-05,NIFTY50,15739.48,15778.87,15649.64,15770.2,152476749
2023-04-06,NIFTY50,15751.92,15819.68,15675.69,15712.17,450160604
2023-04-07,NIFTY50,15725.25,15869.22,15658.62,15822.19,430050092
2023-04-10,NIFTY50,15845.3,15851.12,15720.07,15737.53,161597395
2023-04-11,NIFTY50,15722.63,16129.33,15668.34,16044.79,300787424
2023-04-12,NIFTY50,16017.57,16039.58,15986.68,16021.6,276188488
2023-04-13,NIFTY50,16027.52,16085.37,15812.46,15860.67,333682112
2023-04-14,NIFTY50,15850.82,15892.5,15850.16,15869.58,286714222
2023-04-17,NIFTY50,15841.75,16040.94,15755.95,15993.54,196679483
2023-04-18,NIFTY50,15966.67,16132.46,15898.07,16058.81,162825899
2023-04-19,NIFTY50,16047.14,16130.16,15959.1,16055.85,185710398
2023-04-20,NIFTY50,16044.23,16080.03,15966.16,16045.55,351117185
2023-04-21,NIFTY50,16033.58,16165.83,16015.27,16069.5,245170938
2023-04-24,NIFTY50,16067.25,16111.76,15785.36,15873.3,411234956
2023-04-25,NIFTY50,15870.27,16032.06,15798.8,16018.4,409572170
2023-04-26,NIFTY50,16036.87,16096.2,15953.13,16059.44,236098310
2023-04-27,NIFTY50,16078.16,16318.65,16061.49,16254.11,278886525
2023-04-28,NIFTY50,16252.31,16531.74,16233.02,16504.91,481340484
2023-05-01,NIFTY50,16534.96,16589.46,16429.82,16452.3,424313464
2023-05-02,NIFTY50,16448.03,16532.07,16275.49,16323.22,196369454
2023-05-03,NIFTY50,16352.8,16561.04,16293.16,16491.18,249205168
2023-05-04,NIFTY50,16511.21,16767.23,16509.92,16725.45,360159454
2023-05-05,NIFTY50,16712.78,16774.8,16603.16,16664.31,227509077
2023-05-08,NIFTY50,16655.87,16724.68,16575.89,16588.64,422574927
2023-05-09,NIFTY50,16583.14,16603.98,16254.27,16286.14,325533618
2023-05-10,NIFTY50,16294.86,16434.33,16248.31,16345.89,311636745
2023-05-11,NIFTY50,16334.84,16353.89,16210.76,16223.14,347021607
2023-05-12,NIFTY50,16249.83,16318.87,16087.65,16146.69,297104769
2023-05-15,NIFTY50,16115.65,16165.05,15986.7,15995.88,251097123
2023-05-16,NIFTY50,15995.3,16179.83,15909.79,16121.54,315814582
2023-05-17,NIFTY50,16101.75,16176.14,15819.15,15887.01,395537434
2023-05-18,NIFTY50,15870.91,16030.33,15839.75,15969.67,430352253
2023-05-19,NIFTY50,15998.84,16057.23,15968.68,16010.67,449172142
2023-05-22,NIFTY50,15990.7,16201.28,15932.64,16111.99,328245466
2023-05-23,NIFTY50,16092.33,16189.87,16065.05,16112.64,352011904
2023-05-24,NIFTY50,16081.12,16223.53,16067.22,16198.17,172256205
2023-05-25,NIFTY50,16193.08,16228.89,15907.71,15982.11,259828731
2023-05-26,NIFTY50,15960.18,16002.71,15835.38,15865.28,318561683
2023-05-29,NIFTY50,15872.04,15957.28,15816.19,15930.06,336504239
2023-05-30,NIFTY50,15953.49,16022.24,15918.19,15969.3,327122242
2023-05-31,NIFTY50,15938.98,15980.51,15890.48,15921.42,252924932
2023-06-01,NIFTY50,15891.77,16063.22,15837.84,16036.0,183459184
2023-06-02,NIFTY50,16049.93,16122.94,16043.78,16110.2,195077923
2023-06-05,NIFTY50,16088.5,16408.08,16079.64,16338.1,392030047
2023-06-06,NIFTY50,16332.39,16405.97,16283.16,16331.41,444466714
2023-06-07,NIFTY50,16350.34,16418.48,16006.16,16058.97,231072333
2023-06-08,NIFTY50,16034.26,16121.94,15961.46,15986.47,291025580
2023-06-09,NIFTY50,15956.05,16017.6,15798.35,15864.73,437991913
2023-06-12,NIFTY50,15847.76,15955.26,15764.99,15940.66,438791299
2023-06-13,NIFTY50,15949.22,15987.1,15746.99,15795.35,333347461
2023-06-14,NIFTY50,15807.8,15859.97,15724.5,15728.29,176519275
2023-06-15,NIFTY50,15697.28,15763.38,15478.96,15533.16,390760287
2023-06-16,NIFTY50,15526.77,15630.61,15526.09,15616.35,317209074
2023-06-19,NIFTY50,15609.38,15687.56,15404.32,15474.34,313739606
2023-06-20,NIFTY50,15459.51,15470.56,15367.43,15393.79,174084970
2023-06-21,NIFTY50,15404.37,15638.69,15385.46,15566.77,234156163
2023-06-22,NIFTY50,15581.89,15771.47,15563.18,15689.17,334715120
2023-06-23,NIFTY50,15713.44,15790.55,15628.49,15662.4,182245556
2023-06-26,NIFTY50,15686.85,15767.68,15666.44,15688.28,165473539
2023-06-27,NIFTY50,15668.26,15772.76,15621.29,15741.22,370714391
2023-06-28,NIFTY50,15734.34,15805.51,15560.32,15646.77,432261365
2023-06-29,NIFTY50,15677.23,15757.88,15602.14,15625.43,210415812
2023-06-30,NIFTY50,15632.89,15755.79,15544.08,15675.18,154780348
2023-07-03,NIFTY50,15679.45,15694.45,15529.12,15534.11,289494088
2023-07-04,NIFTY50,15549.14,15700.69,15523.02,15665.64,175741687
2023-07-05,NIFTY50,15641.84,15891.7,15598.95,15878.19,295138554
2023-07-06,NIFTY50,15906.92,15982.59,15624.12,15707.08,449554391
2023-07-07,NIFTY50,15721.2,15950.33,15637.59,15906.88,506425416
2023-07-10,NIFTY50,15910.9,16138.99,15844.86,16132.87,303427703
2023-07-11,NIFTY50,16102.53,16150.59,15923.56,16003.3,401247867
2023-07-12,NIFTY50,16028.74,16330.87,15936.47,16266.78,350284769
2023-07-13,NIFTY50,16247.44,16281.18,16182.0,16255.11,252769864
2023-07-14,NIFTY50,16222.73,16286.01,15958.84,16042.92,433814753
2023-07-17,NIFTY50,16061.66,16130.61,15939.16,16010.49,309963597
2023-07-18,NIFTY50,16007.69,16053.07,15847.4,15863.0,381506259
2023-07-19,NIFTY50,15851.62,15912.43,15730.46,15768.97,387380413
2023-07-20,NIFTY50,15785.83,15980.82,15722.12,15966.68,467581591
2023-07-21,NIFTY50,15996.15,16004.44,15852.37,15876.49,236543217
2023-07-24,NIFTY50,15874.36,15946.15,15679.01,15760.5,255596511
2023-07-25,NIFTY50,15786.87,15879.96,15721.18,15734.87,338844302
2023-07-26,NIFTY50,15713.43,15894.05,15700.28,15818.24,274297471
2023-07-27,NIFTY50,15838.71,15922.41,15668.45,15762.13,457737500
2023-07-28,NIFTY50,15730.86,16130.43,15668.13,16040.49,280529365
2023-07-31,NIFTY50,16058.95,16106.08,15977.0,16008.26,357465710
2023-08-01,NIFTY50,16018.31,16056.06,15845.8,15900.85,393805147
2023-08-02,NIFTY50,15883.41,16089.71,15868.57,16027.78,271155183
2023-08-03,NIFTY50,16057.87,16202.77,16010.16,16125.37,200259024
2023-08-04,NIFTY50,16141.87,16171.2,16074.96,16095.17,205635690
2023-08-07,NIFTY50,16064.02,16149.86,16044.06,16121.25,191349450
2023-08-08,NIFTY50,16096.68,16187.93,15764.34,15827.16,184072263
2023-08-09,NIFTY50,15820.05,15839.84,15761.41,15802.04,413318877
2023-08-10,NIFTY50,15813.36,15906.06,15658.61,15705.73,359351490
2023-08-11,NIFTY50,15728.42,15764.63,15558.07,15608.55,215153887
2023-08-14,NIFTY50,15632.32,15721.34,15406.46,15470.03,179285729
2023-08-15,NIFTY50,15486.06,15666.19,15462.63,15658.03,223653290
2023-08-16,NIFTY50,15671.54,15758.26,15577.81,15620.43,339084101
2023-08-17,NIFTY50,15591.33,15882.78,15518.63,15853.31,450714408
2023-08-18,NIFTY50,15822.26,15834.45,15583.03,15664.12,184869307
2023-08-21,NIFTY50,15664.25,15707.78,15563.25,15628.63,366522035
2023-08-22,NIFTY50,15642.65,15666.41,15541.59,15552.57,448219594
2023-08-23,NIFTY50,15539.72,15706.85,15512.66,15691.53,357226758
2023-08-24,NIFTY50,15720.94,15728.19,15589.19,15634.42,294029715
2023-08-25,NIFTY50,15653.61,15798.75,15581.06,15713.38,182320682
2023-08-28,NIFTY50,15736.36,15813.11,15689.78,15757.94,399750754
2023-08-29,NIFTY50,15733.74,15866.56,15721.28,15850.92,172313460
2023-08-30,NIFTY50,15863.54,15865.49,15695.78,15745.39,370873705
2023-08-31,NIFTY50,15743.73,15882.32,15691.09,15855.78,403106864
2023-09-01,NIFTY50,15879.74,16197.93,15834.52,16133.59,496236044
2023-09-04,NIFTY50,16157.82,16202.68,16142.12,16190.93,259178043
2023-09-05,NIFTY50,16223.09,16259.42,16058.74,16084.12,198134594
2023-09-06,NIFTY50,16089.41,16100.59,16072.27,16076.11,259976904
2023-09-07,NIFTY50,16089.06,16266.72,16083.27,16265.63,174985012
2023-09-08,NIFTY50,16271.2,16272.06,16045.38,16130.59,242147307
2023-09-11,NIFTY50,16129.32,16169.99,16065.06,16149.3,411490900
2023-09-12,NIFTY50,16142.06,16357.1,16089.62,16295.17,205062407
2023-09-13,NIFTY50,16295.82,16580.72,16289.17,16495.48,477941052
2023-09-14,NIFTY50,16473.36,16586.33,16432.49,16524.17,350184338
2023-09-15,NIFTY50,16517.98,16633.39,16513.73,16558.64,328777811
2023-09-18,NIFTY50,16570.01,16760.04,16531.16,16666.96,288351763
2023-09-19,NIFTY50,16674.62,16832.36,16585.71,16752.9,246530593
2023-09-20,NIFTY50,16752.71,16760.26,16466.35,16525.83,424745325
2023-09-21,NIFTY50,16551.72,16833.06,16488.02,16818.38,410058251
2023-09-22,NIFTY50,16828.48,16928.1,16750.84,16785.23,446001614
2023-09-25,NIFTY50,16809.09,16968.84,16759.9,16921.13,241805955
2023-09-26,NIFTY50,16920.43,17116.0,16867.94,17080.91,201141838
2023-09-27,NIFTY50,17065.28,17094.87,17011.89,17064.47,321129071
2023-09-28,NIFTY50,17046.68,17069.72,16947.23,17050.16,255119270
2023-09-29,NIFTY50,17044.12,17071.11,16928.94,16972.1,262616808
2023-10-02,NIFTY50,16947.62,17142.9,16917.62,17064.07,362715630
2023-10-03,NIFTY50,17043.9,17091.21,16909.37,16962.3,225625921
2023-10-04,NIFTY50,16971.7,17076.8,16891.26,17055.75,349367011
2023-10-05,NIFTY50,17055.54,17080.67,16857.27,16906.4,321214768
2023-10-06,NIFTY50,16895.67,16921.5,16858.13,16865.42,222057183
2023-10-09,NIFTY50,16898.07,16898.4,16871.69,16890.84,291122281
2023-10-10,NIFTY50,16924.0,16983.26,16820.46,16848.47,385176354
2023-10-11,NIFTY50,16843.59,17204.33,16783.44,17103.59,467187420
2023-10-12,NIFTY50,17078.94,17091.54,16964.71,17042.44,185669486
2023-10-13,NIFTY50,17015.68,17440.32,17002.67,17384.49,241919223
2023-10-16,NIFTY50,17363.97,17466.23,17304.94,17373.32,156289643
2023-10-17,NIFTY50,17388.58,17720.87,17363.47,17690.7,317369528
2023-10-18,NIFTY50,17674.2,17732.8,17480.4,17569.03,247363197
2023-10-19,NIFTY50,17587.47,17605.6,17126.26,17226.14,425201543
2023-10-20,NIFTY50,17257.46,17266.9,16966.94,17042.66,326211593
2023-10-23,NIFTY50,17025.35,17162.25,17000.63,17120.5,249842247
2023-10-24,NIFTY50,17105.4,17192.45,17036.52,17192.13,399692507
2023-10-25,NIFTY50,17184.34,17206.34,17069.39,17079.67,206712916
2023-10-26,NIFTY50,17055.79,17146.67,16822.07,16908.37,389613719
2023-10-27,NIFTY50,16888.42,17025.14,16844.18,16956.64,443598794
2023-10-30,NIFTY50,16957.15,17216.91,16912.16,17176.93,294128484
2023-10-31,NIFTY50,17183.86,17255.93,17090.16,17128.98,377141767
2023-11-01,NIFTY50,17122.47,17148.03,17008.96,17038.68,288403230
2023-11-02,NIFTY50,17070.07,17265.57,17012.38,17194.75,201653886
2023-11-03,NIFTY50,17187.11,17298.69,17147.82,17262.93,429981111
2023-11-06,NIFTY50,17257.7,17302.98,17060.48,17096.2,322925390
2023-11-07,NIFTY50,17094.74,17330.66,17007.18,17313.15,481921879
2023-11-08,NIFTY50,17337.11,17481.47,17299.18,17379.37,283148188
2023-11-09,NIFTY50,17351.03,17744.32,17345.82,17670.6,224815942
2023-11-10,NIFTY50,17645.79,17691.6,17599.64,17676.57,250713864
2023-11-13,NIFTY50,17678.02,17702.61,17580.96,17590.7,186642739
2023-11-14,NIFTY50,17616.87,17726.45,17538.53,17634.74,312378235
2023-11-15,NIFTY50,17662.6,17825.06,17577.0,17799.83,278759103
2023-11-16,NIFTY50,17819.26,17975.14,17735.53,17946.17,472564847
2023-11-17,NIFTY50,17964.9,18042.85,17638.65,17654.83,290924296
2023-11-20,NIFTY50,17679.93,17999.76,17625.48,17917.38,185083967
2023-11-21,NIFTY50,17909.77,18088.52,17859.36,18070.42,239901243
2023-11-22,NIFTY50,18060.82,18145.68,17832.1,17881.71,435416141
2023-11-23,NIFTY50,17863.7,18181.65,17782.83,18112.08,209973876
2023-11-24,NIFTY50,18096.67,18200.24,18043.47,18142.67,368187094
2023-11-27,NIFTY50,18170.88,18221.76,18058.97,18129.39,432128635
2023-11-28,NIFTY50,18145.22,18226.8,17885.1,17966.12,469853543
2023-11-29,NIFTY50,17991.84,18018.94,17987.91,18005.3,193546669
2023-11-30,NIFTY50,17990.79,18056.03,17868.54,17912.86,369897203
2023-12-01,NIFTY50,17911.95,18240.02,17888.78,18158.28,260387060
2023-12-04,NIFTY50,18177.07,18192.32,17919.91,18005.66,393286352
2023-12-05,NIFTY50,17986.0,18321.02,17933.47,18272.89,459788966
2023-12-06,NIFTY50,18251.3,18265.58,18091.61,18196.38,293526003
2023-12-07,NIFTY50,18227.15,18280.99,18221.34,18248.65,411174401
2023-12-08,NIFTY50,18275.81,18320.38,18243.58,18311.79,439891308
2023-12-11,NIFTY50,18347.05,18581.98,18339.59,18488.0,359504982
2023-12-12,NIFTY50,18463.3,18862.93,18447.13,18751.31,336723065
2023-12-13,NIFTY50,18761.11,18802.91,18336.51,18385.97,393503431
2023-12-14,NIFTY50,18394.93,18426.37,18290.74,18296.33,448406644
2023-12-15,NIFTY50,18315.25,18475.84,18258.77,18427.92,476146406
2023-12-18,NIFTY50,18396.02,18502.88,18223.36,18325.94,372425911
2023-12-19,NIFTY50,18342.9,18412.81,18270.43,18286.23,260940819
2023-12-20,NIFTY50,18278.5,18283.1,18012.88,18045.67,250493757
2023-12-21,NIFTY50,18039.73,18129.12,17789.53,17805.73,502695678
2023-12-22,NIFTY50,17785.12,18084.84,17767.68,17977.94,186564437
2023-12-25,NIFTY50,17946.74,17997.16,17637.78,17742.23,469337581
2023-12-26,NIFTY50,17764.35,17800.89,17524.55,17601.42,377538709
2023-12-27,NIFTY50,17584.39,17754.0,17490.58,17694.7,344843854
2023-12-28,NIFTY50,17670.32,17742.62,17563.66,17639.5,442588004
2023-12-29,NIFTY50,17659.13,17722.31,17572.79,17696.27,395258008
2024-01-01,NIFTY50,17696.89,17749.86,17545.66,17622.24,382639423
2024-01-02,NIFTY50,17643.51,17670.78,17241.87,17327.54,522886204
2024-01-03,NIFTY50,17353.93,17417.99,17259.68,17392.03,210486463
2024-01-04,NIFTY50,17385.95,17427.66,17219.17,17277.91,330948922
2024-01-05,NIFTY50,17276.6,17558.49,17269.73,17461.22,352352075
2024-01-08,NIFTY50,17454.65,17572.49,17411.27,17527.04,172699364
2024-01-09,NIFTY50,17513.58,17564.7,17282.88,17386.97,391778243
2024-01-10,NIFTY50,17411.27,17441.2,17208.94,17272.22,254269647
2024-01-11,NIFTY50,17278.67,17367.13,17096.12,17106.45,212827211
2024-01-12,NIFTY50,17109.21,17266.49,17099.74,17215.6,246317952
2024-01-15,NIFTY50,17193.4,17259.33,17091.92,17245.52,352936410
2024-01-16,NIFTY50,17259.32,17438.48,17250.26,17369.06,255802301
2024-01-17,NIFTY50,17337.03,17407.1,17234.24,17346.44,152069599
2024-01-18,NIFTY50,17323.54,17431.33,17220.27,17390.54,213015765
2024-01-19,NIFTY50,17413.97,17421.46,17276.3,17340.05,230935040
2024-01-22,NIFTY50,17323.4,17390.28,17008.8,17080.53,231776591
2024-01-23,NIFTY50,17065.75,17160.21,17031.08,17119.8,242864220
2024-01-24,NIFTY50,17110.13,17229.28,17079.98,17176.83,377505707
2024-01-25,NIFTY50,17197.05,17451.0,17128.3,17362.75,291507068
2024-01-26,NIFTY50,17338.8,17530.41,17277.67,17522.06,232761326
2024-01-29,NIFTY50,17495.85,17902.03,17466.2,17824.73,385399465
2024-01-30,NIFTY50,17840.32,17886.92,17708.11,17721.15,472360372
2024-01-31,NIFTY50,17735.97,17831.27,17624.21,17693.87,350851676
2024-02-01,NIFTY50,17663.16,17812.83,17572.75,17809.47,304035237
2024-02-02,NIFTY50,17806.87,18004.43,17723.14,17900.62,340287821
2024-02-05,NIFTY50,17918.18,18065.88,17847.4,17989.53,261119167
2024-02-06,NIFTY50,18022.22,18145.54,17969.57,18100.38,349925129
2024-02-07,NIFTY50,18081.56,18403.14,17977.73,18336.7,292345114
2024-02-08,NIFTY50,18356.56,18426.12,18161.07,18238.91,368944120
2024-02-09,NIFTY50,18258.72,18538.94,18236.63,18431.75,253601904
2024-02-12,NIFTY50,18449.19,18505.09,18259.17,18317.51,460752311
2024-02-13,NIFTY50,18325.74,18373.56,18211.65,18316.04,171304539
2024-02-14,NIFTY50,18319.49,18378.71,18207.31,18290.25,176346060
2024-02-15,NIFTY50,18296.79,18654.49,18289.89,18547.09,426526117
2024-02-16,NIFTY50,18555.16,18636.82,18520.07,18611.03,278965198
2024-02-19,NIFTY50,18622.35,18626.68,18535.4,18560.95,294149211
2024-02-20,NIFTY50,18540.85,18813.03,18449.46,18788.03,312349246
2024-02-21,NIFTY50,18822.5,18913.11,18573.27,18603.82,486901798
2024-02-22,NIFTY50,18631.24,18753.37,18545.52,18671.28,325793585
2024-02-23,NIFTY50,18671.03,18736.03,18564.12,18623.8,457900641
2024-02-26,NIFTY50,18604.05,18934.2,18541.46,18822.48,361229349
2024-02-27,NIFTY50,18785.9,18834.31,18632.3,18669.13,304815935
2024-02-28,NIFTY50,18641.49,18817.64,18612.61,18733.41,317503596
2024-02-29,NIFTY50,18763.83,18786.8,18604.76,18623.07,214321564
2024-03-01,NIFTY50,18660.16,18737.59,18535.89,18607.23,192547431
2024-03-04,NIFTY50,18633.51,18640.29,18606.73,18639.92,300164180
2024-03-05,NIFTY50,18636.29,18697.59,18550.63,18683.98,447336114
2024-03-06,NIFTY50,18696.53,18869.0,18687.19,18837.54,215798033
2024-03-07,NIFTY50,18814.13,18920.8,18592.51,18673.78,213472479
2024-03-08,NIFTY50,18661.98,18754.94,18584.78,18696.37,257320144
2024-03-11,NIFTY50,18706.21,18883.62,18610.41,18880.24,419726263
2024-03-12,NIFTY50,18903.79,18927.88,18530.63,18551.8,480779383
2024-03-13,NIFTY50,18519.66,18672.84,18494.46,18562.25,417755570
2024-03-14,NIFTY50,18549.05,18590.1,18310.28,18409.69,183464611
2024-03-15,NIFTY50,18399.04,18728.88,18295.94,18618.55,369501697
2024-03-18,NIFTY50,18653.52,18837.19,18643.98,18740.26,214701427
2024-03-19,NIFTY50,18711.51,18726.76,18546.8,18601.97,479062569
2024-03-20,NIFTY50,18611.27,18614.9,18452.84,18545.78,329897635
2024-03-21,NIFTY50,18540.26,18544.59,18289.27,18300.97,352246435
2024-03-22,NIFTY50,18315.31,18543.73,18205.5,18453.42,325729657
2024-03-25,NIFTY50,18422.0,18480.69,18261.07,18269.31,347047301
2024-03-26,NIFTY50,18234.68,18265.88,18160.26,18180.41,209699861
2024-03-27,NIFTY50,18187.9,18359.81,18148.33,18266.48,210606747
2024-03-28,NIFTY50,18253.2,18295.9,18190.08,18282.32,193994567
2024-03-29,NIFTY50,18307.3,18367.73,18190.85,18250.13,196163816
2024-04-01,NIFTY50,18255.77,18331.41,18134.06,18166.45,467023719
2024-04-02,NIFTY50,18159.45,18394.51,18125.47,18292.35,401606210
2024-04-03,NIFTY50,18309.99,18325.03,18124.65,18134.91,165248196
2024-04-04,NIFTY50,18132.68,18171.96,17766.13,17824.09,341912866
2024-04-05,NIFTY50,17852.25,18132.57,17816.47,18105.67,288789396
2024-04-08,NIFTY50,18132.23,18200.86,17985.65,17987.46,284711385
2024-04-09,NIFTY50,18004.58,18173.47,17930.85,18084.26,293054841
2024-04-10,NIFTY50,18085.92,18147.89,17999.69,18118.18,255392132
2024-04-11,NIFTY50,18113.08,18210.62,18070.87,18143.86,439492968
2024-04-12,NIFTY50,18178.24,18359.36,18115.16,18314.14,322261244
2024-04-15,NIFTY50,18286.64,18533.21,18215.51,18486.6,456474543
2024-04-16,NIFTY50,18493.31,19010.44,18416.61,18925.64,308106142
2024-04-17,NIFTY50,18961.01,18989.31,18767.28,18847.69,285223084
2024-04-18,NIFTY50,18865.12,18942.55,18844.58,18859.63,268802416
2024-04-19,NIFTY50,18822.12,19091.26,18809.61,19067.21,174710704
2024-04-22,NIFTY50,19063.18,19079.99,18888.9,18962.63,228023351
2024-04-23,NIFTY50,18955.88,19030.89,18858.79,18936.09,393485451
2024-04-24,NIFTY50,18909.27,19084.26,18887.94,19039.8,295689053
2024-04-25,NIFTY50,19035.04,19264.82,18985.55,19235.72,259347528
2024-04-26,NIFTY50,19201.83,19597.98,19168.53,19544.18,431589137
2024-04-29,NIFTY50,19527.25,19548.0,19386.22,19476.09,418142985
2024-04-30,NIFTY50,19482.83,19523.49,19300.86,19375.75,411394917
2024-05-01,NIFTY50,19402.06,19695.07,19370.67,19581.87,451275487
2024-05-02,NIFTY50,19544.04,19861.65,19487.07,19833.75,301916811
2024-05-03,NIFTY50,19845.01,19862.24,19788.47,19820.3,351458110
2024-05-06,NIFTY50,19802.21,19880.42,19667.57,19762.36,377462536
2024-05-07,NIFTY50,19792.78,19821.43,19314.54,19347.37,340194536
2024-05-08,NIFTY50,19351.7,19422.95,19207.37,19299.89,445161665
2024-05-09,NIFTY50,19336.75,19337.14,19155.56,19266.38,331415415
2024-05-10,NIFTY50,19260.19,19333.07,19204.6,19293.56,254130549
2024-05-13,NIFTY50,19313.95,19343.06,19093.66,19186.29,271382743
2024-05-14,NIFTY50,19221.64,19286.82,19081.99,19122.94,365655265
2024-05-15,NIFTY50,19103.43,19206.64,19064.9,19201.36,419600942
2024-05-16,NIFTY50,19200.83,19250.47,19030.69,19095.13,201510208
2024-05-17,NIFTY50,19074.6,19482.87,19051.15,19382.1,427197878
2024-05-20,NIFTY50,19351.29,19496.63,19287.6,19381.53,222930519
2024-05-21,NIFTY50,19371.52,19461.69,19370.16,19457.42,384127745
2024-05-22,NIFTY50,19464.31,19516.85,19381.07,19405.42,341871735
2024-05-23,NIFTY50,19373.86,19402.96,19298.29,19367.82,284913900
2024-05-24,NIFTY50,19371.0,19447.4,19146.35,19226.62,164596911
2024-05-27,NIFTY50,19264.48,19356.45,19073.17,19175.28,209178212
2024-05-28,NIFTY50,19207.86,19239.86,18828.17,18876.54,389901831
2024-05-29,NIFTY50,18880.79,18908.66,18797.08,18890.04,162623337
2024-05-30,NIFTY50,18914.4,18979.97,18909.27,18953.33,254562649
2024-05-31,NIFTY50,18925.48,19092.29,18850.35,19039.64,283478494
2024-06-03,NIFTY50,19056.84,19290.97,19014.91,19207.53,338252190
2024-06-04,NIFTY50,19221.97,19318.11,19112.49,19130.75,367093112
2024-06-05,NIFTY50,19133.28,19211.85,18684.5,18785.14,245887987
2024-06-06,NIFTY50,18753.07,19039.31,18704.17,18992.02,265567265
2024-06-07,NIFTY50,18996.2,19073.37,18636.98,18743.82,369953029
2024-06-10,NIFTY50,18781.1,18859.11,18717.17,18799.01,402600733
2024-06-11,NIFTY50,18821.17,18852.69,18621.81,18650.93,285840100
2024-06-12,NIFTY50,18675.97,18703.61,18642.85,18681.61,444660910
2024-06-13,NIFTY50,18687.69,18949.15,18673.47,18859.02,195866789
2024-06-14,NIFTY50,18892.93,18905.76,18732.73,18786.76,231123442
2024-06-17,NIFTY50,18815.0,19055.22,18787.85,18964.31,194002839
2024-06-18,NIFTY50,18993.48,19021.0,18767.48,18829.87,355599410
2024-06-19,NIFTY50,18811.88,19055.86,18718.41,18993.31,188702539
2024-06-20,NIFTY50,18970.92,19221.74,18945.82,19129.59,212193282
2024-06-21,NIFTY50,19096.8,19179.4,18947.65,19010.01,342965909
2024-06-24,NIFTY50,19047.47,19086.07,18934.5,18938.26,162084285
2024-06-25,NIFTY50,18952.72,19066.74,18870.5,18968.54,198016100
2024-06-26,NIFTY50,18991.91,19059.14,18982.49,18992.38,255402801
2024-06-27,NIFTY50,18987.75,19173.67,18913.97,19071.34,188248260
2024-06-28,NIFTY50,19079.34,19165.01,18966.19,19082.66,319844182
2024-07-01,NIFTY50,19114.28,19339.02,19027.98,19264.39,317637603
2024-07-02,NIFTY50,19237.26,19314.38,18914.45,18975.93,349728101
2024-07-03,NIFTY50,18943.79,19171.02,18857.04,19150.83,457832421
2024-07-04,NIFTY50,19141.6,19321.07,19091.67,19316.39,178279162
2024-07-05,NIFTY50,19328.91,19824.74,19285.08,19719.93,402973800
2024-07-08,NIFTY50,19702.19,19719.92,19627.93,19672.51,221198309
2024-07-09,NIFTY50,19654.37,19880.56,19616.44,19853.42,192518796
2024-07-10,NIFTY50,19876.07,20015.28,19871.07,19970.31,181215998
2024-07-11,NIFTY50,19946.98,20188.38,19844.53,20138.81,487659527
2024-07-12,NIFTY50,20178.99,20272.5,19927.54,20021.07,457571760
2024-07-15,NIFTY50,20002.48,20327.22,19987.79,20321.49,414339691
2024-07-16,NIFTY50,20353.21,20464.98,19963.99,20052.85,328845766
2024-07-17,NIFTY50,20081.48,20102.86,19942.77,20056.9,418446040
2024-07-18,NIFTY50,20032.34,20156.96,20009.78,20070.47,185696682
2024-07-19,NIFTY50,20084.36,20111.86,20036.15,20094.8,312196447
2024-07-22,NIFTY50,20106.47,20186.93,19935.59,19972.44,328627495
2024-07-23,NIFTY50,19966.03,20086.37,19921.92,20000.33,439694979
2024-07-24,NIFTY50,20037.19,20218.91,19981.65,20188.4,188057100
2024-07-25,NIFTY50,20227.34,20274.66,20130.81,20173.75,353155109
2024-07-26,NIFTY50,20136.81,20321.16,20109.13,20272.11,365104788
2024-07-29,NIFTY50,20255.39,20371.96,20071.74,20182.11,169703616
2024-07-30,NIFTY50,20166.59,20262.43,19940.27,20044.07,454499657
2024-07-31,NIFTY50,20044.49,20238.79,19951.64,20127.92,217222045
2024-08-01,NIFTY50,20128.0,20149.55,19796.7,19914.07,362848415
2024-08-02,NIFTY50,19922.84,20100.9,19842.31,20017.17,349711912
2024-08-05,NIFTY50,19981.74,20084.0,19833.19,19861.65,286704501
2024-08-06,NIFTY50,19850.14,20001.7,19819.44,19902.76,325760127
2024-08-07,NIFTY50,19920.95,20072.98,19824.62,19976.29,205676972
2024-08-08,NIFTY50,19978.39,20064.84,19597.71,19690.74,505479978
2024-08-09,NIFTY50,19670.35,20121.73,19590.23,20110.7,502846243
2024-08-12,NIFTY50,20096.46,20123.68,19771.32,19876.55,188297284
2024-08-13,NIFTY50,19909.8,20093.83,19849.48,20020.33,349359728
2024-08-14,NIFTY50,20057.22,20160.52,19958.08,20051.79,438357469
2024-08-15,NIFTY50,20026.51,20245.36,19906.68,20146.2,173588459
2024-08-16,NIFTY50,20139.35,20205.78,19968.72,20069.58,447651543
2024-08-19,NIFTY50,20059.73,20141.93,19975.14,20085.01,293916080
2024-08-20,NIFTY50,20092.73,20274.32,19983.27,20158.16,157173695
2024-08-21,NIFTY50,20149.44,20223.15,20093.04,20134.81,183206991
2024-08-22,NIFTY50,20159.66,20265.0,19763.04,19839.14,348634319
2024-08-23,NIFTY50,19817.82,19880.83,19718.22,19758.88,170802316
2024-08-26,NIFTY50,19751.55,19799.07,19665.87,19778.82,268424696
2024-08-27,NIFTY50,19745.08,19798.55,19584.22,19623.68,403935630
2024-08-28,NIFTY50,19587.3,19712.06,19501.42,19624.22,219881147
2024-08-29,NIFTY50,19643.62,19741.39,19403.94,19477.63,355929401
2024-08-30,NIFTY50,19472.07,19862.78,19385.17,19748.28,488405954
2024-09-02,NIFTY50,19718.96,19960.92,19716.83,19867.9,183090372
2024-09-03,NIFTY50,19832.57,20027.14,19789.57,19921.37,373368170
2024-09-04,NIFTY50,19950.95,20008.87,19932.52,20005.59,411297451
2024-09-05,NIFTY50,19982.62,20497.43,19890.58,20380.91,340106689
2024-09-06,NIFTY50,20406.79,20469.12,20322.08,20344.46,212124625
2024-09-09,NIFTY50,20338.32,20546.14,20228.19,20477.17,280372384
2024-09-10,NIFTY50,20460.0,20624.31,20445.78,20505.82,317594002
2024-09-11,NIFTY50,20508.1,20655.94,20484.22,20600.64,324569465
2024-09-12,NIFTY50,20634.65,20899.32,20569.2,20807.36,405754000
2024-09-13,NIFTY50,20796.89,20956.22,20790.23,20865.6,358712595
2024-09-16,NIFTY50,20874.42,20880.37,20756.08,20802.04,190440433
2024-09-17,NIFTY50,20775.56,20791.45,20651.49,20789.48,288765701
2024-09-18,NIFTY50,20810.79,20984.39,20732.9,20895.86,395115002
2024-09-19,NIFTY50,20885.48,20983.29,20756.25,20793.23,468667815
2024-09-20,NIFTY50,20813.7,20901.1,20718.65,20816.67,399373755
2024-09-23,NIFTY50,20787.13,20884.85,20374.31,20445.37,333774668
2024-09-24,NIFTY50,20428.56,20523.22,20039.33,20146.59,291571458
2024-09-25,NIFTY50,20115.03,20302.33,20017.62,20200.61,276970156
2024-09-26,NIFTY50,20238.52,20432.65,20170.54,20383.21,195622805
2024-09-27,NIFTY50,20423.17,20481.13,20275.77,20324.31,219359938
2024-09-30,NIFTY50,20356.14,20434.55,20128.61,20149.63,288767715
2024-10-01,NIFTY50,20167.72,20472.09,20141.05,20408.41,388451362
2024-10-02,NIFTY50,20410.06,20632.06,20341.34,20551.02,170532484
2024-10-03,NIFTY50,20577.98,20779.46,20459.45,20668.19,225404769
2024-10-04,NIFTY50,20673.67,20763.24,20669.96,20709.3,233605589
2024-10-07,NIFTY50,20712.98,20760.44,20630.85,20742.19,203375958
2024-10-08,NIFTY50,20732.09,20782.71,20655.61,20664.64,276260175
2024-10-09,NIFTY50,20658.52,20741.82,20089.03,20172.02,282639344
2024-10-10,NIFTY50,20156.99,20270.02,20045.26,20229.13,220598437
2024-10-11,NIFTY50,20210.28,20410.07,20181.11,20343.98,334815229
2024-10-14,NIFTY50,20376.44,20480.93,20242.04,20343.66,238215129
2024-10-15,NIFTY50,20303.51,20495.65,20250.61,20391.38,368179234
2024-10-16,NIFTY50,20432.04,20446.36,20226.37,20345.96,365841230
2024-10-17,NIFTY50,20359.66,20639.92,20318.76,20539.56,179257456
2024-10-18,NIFTY50,20541.85,21023.49,20507.43,20946.56,368218690
2024-10-21,NIFTY50,20966.48,21120.48,20915.18,21113.6,264675252
2024-10-22,NIFTY50,21145.0,21265.45,20949.75,21030.77,236029895
2024-10-23,NIFTY50,21042.34,21076.45,20637.0,20748.51,438456117
2024-10-24,NIFTY50,20720.48,20809.29,20661.9,20717.72,228355935
2024-10-25,NIFTY50,20710.4,20758.84,20693.35,20742.66,162379901
2024-10-28,NIFTY50,20773.56,21007.21,20670.6,20916.22,386235485
2024-10-29,NIFTY50,20921.69,21117.99,20913.31,21000.49,303233776
2024-10-30,NIFTY50,21015.16,21500.56,20892.81,21466.71,313489096
2024-10-31,NIFTY50,21504.26,21640.42,21463.72,21517.23,247631735
2024-11-01,NIFTY50,21508.74,21874.52,21389.08,21813.37,454192439
2024-11-04,NIFTY50,21848.19,22176.6,21834.87,22154.76,274919658
2024-11-05,NIFTY50,22176.95,22762.28,22108.65,22729.82,403808389
2024-11-06,NIFTY50,22736.5,22783.56,22339.92,22356.18,311092776
2024-11-07,NIFTY50,22360.22,22599.3,22280.73,22557.74,262255482
2024-11-08,NIFTY50,22525.33,22580.05,22456.37,22526.59,203515304
2024-11-11,NIFTY50,22486.3,22548.36,22394.28,22487.41,208111533
2024-11-12,NIFTY50,22525.88,22648.21,22149.75,22248.65,462659972
2024-11-13,NIFTY50,22220.77,22346.65,22199.24,22344.77,208156202
2024-11-14,NIFTY50,22352.72,22546.88,22339.0,22435.51,264130984
2024-11-15,NIFTY50,22428.32,22811.45,22382.55,22733.36,468699278
2024-11-18,NIFTY50,22727.72,22831.07,22578.03,22696.04,278858795
2024-11-19,NIFTY50,22730.24,22845.9,22589.98,22614.02,332561156
2024-11-20,NIFTY50,22620.57,22681.6,22393.27,22492.98,436774725
2024-11-21,NIFTY50,22512.7,22570.61,22303.37,22394.84,223216862
2024-11-22,NIFTY50,22386.12,22512.14,22303.97,22335.59,377200791
2024-11-25,NIFTY50,22367.76,22429.26,22265.16,22427.18,366357933
2024-11-26,NIFTY50,22457.75,22648.68,22372.97,22624.18,354673445
2024-11-27,NIFTY50,22614.53,22904.71,22564.86,22785.3,353371460
2024-11-28,NIFTY50,22749.29,22785.45,22519.31,22596.51,204786964
2024-11-29,NIFTY50,22567.06,22772.08,22548.28,22638.74,370432539
2024-12-02,NIFTY50,22679.93,22755.8,22582.34,22654.96,296267169
2024-12-03,NIFTY50,22658.75,22765.25,22318.91,22435.76,257744630
2024-12-04,NIFTY50,22467.25,22897.42,22339.0,22788.25,316322587
2024-12-05,NIFTY50,22831.55,22913.5,22539.51,22633.4,451089908
2024-12-06,NIFTY50,22615.13,22701.56,22500.31,22619.37,427623562
2024-12-09,NIFTY50,22581.73,22872.93,22496.9,22825.44,460970880
2024-12-10,NIFTY50,22863.14,23025.57,22802.59,22929.92,357266396
2024-12-11,NIFTY50,22933.95,23013.63,22868.23,22951.99,443750370
2024-12-12,NIFTY50,22908.5,22993.11,22850.98,22888.73,197160443
2024-12-13,NIFTY50,22900.43,23086.53,22832.43,22952.48,447857387
2024-12-16,NIFTY50,22985.26,23064.5,22683.66,22743.22,454959524
2024-12-17,NIFTY50,22773.61,22891.12,22694.8,22847.24,434151657
2024-12-18,NIFTY50,22860.33,22926.14,22788.41,22882.45,369603126
2024-12-19,NIFTY50,22909.21,22959.89,22726.77,22822.0,170437449
2024-12-20,NIFTY50,22845.33,23009.05,22745.59,22955.31,347344661
2024-12-23,NIFTY50,22912.21,22929.38,22778.2,22816.48,467524447
2024-12-24,NIFTY50,22848.65,22885.43,22798.3,22823.29,432385766
2024-12-25,NIFTY50,22795.55,22843.83,22506.95,22617.58,335682202
2024-12-26,NIFTY50,22658.44,22751.37,22539.33,22639.77,297442679
2024-12-27,NIFTY50,22614.61,22846.65,22540.5,22718.44,212488931
2024-12-30,NIFTY50,22680.24,22971.86,22635.62,22878.45,466893696
2024-12-31,NIFTY50,22918.0,22942.46,22738.9,22868.57,360433799
